ISO-10303-21;
HEADER;
/* Generated by software containing ST-Developer
 * from STEP Tools, Inc. (www.steptools.com) 
 */

FILE_DESCRIPTION(
/* description */ ('STEP AP203'),
/* implementation_level */ '2;1');

FILE_NAME(
/* name */ 
'[piper][26.08.15]ee-cam-mount-d435_d405-centered_fianl.step',
/* time_stamp */ '2026-08-15T10:49:03+09:00',
/* author */ (''),
/* organization */ (''),
/* preprocessor_version */ 'ST-DEVELOPER v20.1',
/* originating_system */ 'Autodesk Translation Framework v15.8.0.0',
/* authorisation */ '');

FILE_SCHEMA (('AUTOMOTIVE_DESIGN { 1 0 10303 214 3 1 1 }'));
ENDSEC;

DATA;
#10=MECHANICAL_DESIGN_GEOMETRIC_PRESENTATION_REPRESENTATION('',(#13,#14),
#4862);
#11=SHAPE_REPRESENTATION_RELATIONSHIP('SRR','None',#4869,#12);
#12=ADVANCED_BREP_SHAPE_REPRESENTATION('',(#15,#16),#4861);
#13=STYLED_ITEM('',(#4878),#15);
#14=STYLED_ITEM('',(#4878),#16);
#15=MANIFOLD_SOLID_BREP('\X2\BCF8CCB4\X0\5',#2639);
#16=MANIFOLD_SOLID_BREP('\X2\BCF8CCB4\X0\7',#2640);
#17=SPHERICAL_SURFACE('',#2845,0.999999999999995);
#18=SPHERICAL_SURFACE('',#2857,0.999999999999995);
#19=B_SPLINE_SURFACE_WITH_KNOTS('',3,3,((#4559,#4560,#4561,#4562,#4563,
#4564),(#4565,#4566,#4567,#4568,#4569,#4570),(#4571,#4572,#4573,#4574,#4575,
#4576),(#4577,#4578,#4579,#4580,#4581,#4582),(#4583,#4584,#4585,#4586,#4587,
#4588)),.UNSPECIFIED.,.F.,.F.,.F.,(4,1,4),(4,1,1,4),(0.,0.571428571428571,
1.),(0.,0.0995559972028622,0.136889496153935,0.174222995105009),
 .UNSPECIFIED.);
#20=B_SPLINE_SURFACE_WITH_KNOTS('',3,3,((#4611,#4612,#4613,#4614,#4615,
#4616),(#4617,#4618,#4619,#4620,#4621,#4622),(#4623,#4624,#4625,#4626,#4627,
#4628),(#4629,#4630,#4631,#4632,#4633,#4634),(#4635,#4636,#4637,#4638,#4639,
#4640)),.UNSPECIFIED.,.F.,.F.,.F.,(4,1,4),(4,1,1,4),(0.,0.571428571428571,
1.),(0.520353396908709,0.557686250581682,0.595019104254655,0.694573380715917),
 .UNSPECIFIED.);
#21=CONICAL_SURFACE('',#2786,28.6,0.785398163397456);
#22=CONICAL_SURFACE('',#2790,29.6,0.785398163397438);
#23=ELLIPSE('',#2729,2.82842712474533,1.99999999999896);
#24=ELLIPSE('',#2730,2.82842712474425,1.99999999999833);
#25=TOROIDAL_SURFACE('',#2704,36.099999999995,2.00000000000004);
#26=TOROIDAL_SURFACE('',#2732,36.1000000000018,1.99999999999987);
#27=TOROIDAL_SURFACE('',#2820,33.,1.);
#28=TOROIDAL_SURFACE('',#2837,34.,2.);
#29=TOROIDAL_SURFACE('',#2839,33.,1.);
#30=TOROIDAL_SURFACE('',#2849,33.,1.);
#31=TOROIDAL_SURFACE('',#2852,34.,2.);
#32=FACE_BOUND('',#734,.T.);
#33=FACE_BOUND('',#736,.T.);
#34=FACE_BOUND('',#741,.T.);
#35=FACE_BOUND('',#743,.T.);
#36=FACE_BOUND('',#752,.T.);
#37=FACE_BOUND('',#753,.T.);
#38=FACE_BOUND('',#754,.T.);
#39=FACE_BOUND('',#755,.T.);
#40=FACE_BOUND('',#757,.T.);
#41=FACE_BOUND('',#758,.T.);
#42=FACE_BOUND('',#759,.T.);
#43=FACE_BOUND('',#760,.T.);
#44=FACE_BOUND('',#781,.T.);
#45=FACE_BOUND('',#782,.T.);
#46=FACE_BOUND('',#808,.T.);
#47=FACE_BOUND('',#809,.T.);
#48=FACE_BOUND('',#831,.T.);
#49=FACE_BOUND('',#834,.T.);
#50=FACE_BOUND('',#860,.T.);
#51=FACE_BOUND('',#865,.T.);
#52=FACE_BOUND('',#872,.T.);
#53=FACE_BOUND('',#875,.T.);
#54=FACE_BOUND('',#883,.T.);
#55=FACE_BOUND('',#889,.T.);
#56=CYLINDRICAL_SURFACE('',#2674,1.1);
#57=CYLINDRICAL_SURFACE('',#2677,1.1);
#58=CYLINDRICAL_SURFACE('',#2688,1.9516868232985);
#59=CYLINDRICAL_SURFACE('',#2689,1.95168682329849);
#60=CYLINDRICAL_SURFACE('',#2691,1.95168682329849);
#61=CYLINDRICAL_SURFACE('',#2699,12.0202622648293);
#62=CYLINDRICAL_SURFACE('',#2707,34.1);
#63=CYLINDRICAL_SURFACE('',#2728,2.);
#64=CYLINDRICAL_SURFACE('',#2731,1.99999999999999);
#65=CYLINDRICAL_SURFACE('',#2734,1.99999999999999);
#66=CYLINDRICAL_SURFACE('',#2735,4.);
#67=CYLINDRICAL_SURFACE('',#2738,4.);
#68=CYLINDRICAL_SURFACE('',#2741,9.99999999999999);
#69=CYLINDRICAL_SURFACE('',#2744,34.1);
#70=CYLINDRICAL_SURFACE('',#2748,9.99999999999999);
#71=CYLINDRICAL_SURFACE('',#2751,28.6);
#72=CYLINDRICAL_SURFACE('',#2775,1.69999999999999);
#73=CYLINDRICAL_SURFACE('',#2777,1.69999999999999);
#74=CYLINDRICAL_SURFACE('',#2779,1.99999999999999);
#75=CYLINDRICAL_SURFACE('',#2781,1.99999999999999);
#76=CYLINDRICAL_SURFACE('',#2783,1.99999999999999);
#77=CYLINDRICAL_SURFACE('',#2794,0.999999999999995);
#78=CYLINDRICAL_SURFACE('',#2795,1.99999999999999);
#79=CYLINDRICAL_SURFACE('',#2796,1.99999999999999);
#80=CYLINDRICAL_SURFACE('',#2797,1.69999999999996);
#81=CYLINDRICAL_SURFACE('',#2798,1.69999999999999);
#82=CYLINDRICAL_SURFACE('',#2802,1.99999999999999);
#83=CYLINDRICAL_SURFACE('',#2808,0.999999999999995);
#84=CYLINDRICAL_SURFACE('',#2809,1.99999999999999);
#85=CYLINDRICAL_SURFACE('',#2812,1.99999999999999);
#86=CYLINDRICAL_SURFACE('',#2822,35.9469052909983);
#87=CYLINDRICAL_SURFACE('',#2824,35.9469052909983);
#88=CYLINDRICAL_SURFACE('',#2826,1.);
#89=CYLINDRICAL_SURFACE('',#2828,4.00000000000001);
#90=CYLINDRICAL_SURFACE('',#2831,4.00000000000001);
#91=CYLINDRICAL_SURFACE('',#2844,1.);
#92=CYLINDRICAL_SURFACE('',#2847,1.);
#93=CYLINDRICAL_SURFACE('',#2854,1.);
#94=CYLINDRICAL_SURFACE('',#2861,3.25);
#95=CYLINDRICAL_SURFACE('',#2864,3.25);
#96=CYLINDRICAL_SURFACE('',#2865,1.65);
#97=CYLINDRICAL_SURFACE('',#2866,1.65);
#98=CYLINDRICAL_SURFACE('',#2867,0.999999999999995);
#99=CYLINDRICAL_SURFACE('',#2868,28.6);
#100=CYLINDRICAL_SURFACE('',#2869,0.999999999999995);
#101=CYLINDRICAL_SURFACE('',#2870,0.999999999999995);
#102=CYLINDRICAL_SURFACE('',#2872,0.999999999999995);
#103=CYLINDRICAL_SURFACE('',#2874,0.999999999999995);
#104=CYLINDRICAL_SURFACE('',#2876,32.);
#105=CYLINDRICAL_SURFACE('',#2879,32.);
#106=CYLINDRICAL_SURFACE('',#2882,0.999999999999995);
#107=CYLINDRICAL_SURFACE('',#2887,32.4935885299402);
#108=CYLINDRICAL_SURFACE('',#2890,32.4935885299402);
#109=CYLINDRICAL_SURFACE('',#2896,32.4935885299402);
#110=CYLINDRICAL_SURFACE('',#2897,28.6024494784033);
#111=CYLINDRICAL_SURFACE('',#2898,3.5);
#112=CYLINDRICAL_SURFACE('',#2904,1.);
#113=CYLINDRICAL_SURFACE('',#2905,32.4935885299402);
#114=CYLINDRICAL_SURFACE('',#2906,2.5);
#115=CYLINDRICAL_SURFACE('',#2913,2.5);
#116=CYLINDRICAL_SURFACE('',#2918,1.);
#117=CYLINDRICAL_SURFACE('',#2924,3.5);
#118=CYLINDRICAL_SURFACE('',#2926,28.6024494784033);
#119=CYLINDRICAL_SURFACE('',#2938,1.1);
#120=CYLINDRICAL_SURFACE('',#2943,1.85);
#121=CYLINDRICAL_SURFACE('',#2947,32.4935885299402);
#122=LINE('',#3793,#324);
#123=LINE('',#3801,#325);
#124=LINE('',#3807,#326);
#125=LINE('',#3809,#327);
#126=LINE('',#3860,#328);
#127=LINE('',#3862,#329);
#128=LINE('',#3864,#330);
#129=LINE('',#3870,#331);
#130=LINE('',#3878,#332);
#131=LINE('',#3884,#333);
#132=LINE('',#3890,#334);
#133=LINE('',#3907,#335);
#134=LINE('',#3908,#336);
#135=LINE('',#3910,#337);
#136=LINE('',#3912,#338);
#137=LINE('',#3915,#339);
#138=LINE('',#3918,#340);
#139=LINE('',#3926,#341);
#140=LINE('',#3928,#342);
#141=LINE('',#3930,#343);
#142=LINE('',#3931,#344);
#143=LINE('',#3934,#345);
#144=LINE('',#3936,#346);
#145=LINE('',#3937,#347);
#146=LINE('',#3943,#348);
#147=LINE('',#3946,#349);
#148=LINE('',#3949,#350);
#149=LINE('',#3951,#351);
#150=LINE('',#3952,#352);
#151=LINE('',#3956,#353);
#152=LINE('',#3957,#354);
#153=LINE('',#3958,#355);
#154=LINE('',#3979,#356);
#155=LINE('',#3994,#357);
#156=LINE('',#3996,#358);
#157=LINE('',#4000,#359);
#158=LINE('',#4004,#360);
#159=LINE('',#4006,#361);
#160=LINE('',#4008,#362);
#161=LINE('',#4010,#363);
#162=LINE('',#4012,#364);
#163=LINE('',#4014,#365);
#164=LINE('',#4016,#366);
#165=LINE('',#4018,#367);
#166=LINE('',#4029,#368);
#167=LINE('',#4030,#369);
#168=LINE('',#4034,#370);
#169=LINE('',#4036,#371);
#170=LINE('',#4038,#372);
#171=LINE('',#4049,#373);
#172=LINE('',#4054,#374);
#173=LINE('',#4060,#375);
#174=LINE('',#4062,#376);
#175=LINE('',#4063,#377);
#176=LINE('',#4066,#378);
#177=LINE('',#4070,#379);
#178=LINE('',#4073,#380);
#179=LINE('',#4105,#381);
#180=LINE('',#4107,#382);
#181=LINE('',#4109,#383);
#182=LINE('',#4110,#384);
#183=LINE('',#4113,#385);
#184=LINE('',#4116,#386);
#185=LINE('',#4118,#387);
#186=LINE('',#4120,#388);
#187=LINE('',#4124,#389);
#188=LINE('',#4127,#390);
#189=LINE('',#4130,#391);
#190=LINE('',#4133,#392);
#191=LINE('',#4137,#393);
#192=LINE('',#4140,#394);
#193=LINE('',#4144,#395);
#194=LINE('',#4146,#396);
#195=LINE('',#4147,#397);
#196=LINE('',#4150,#398);
#197=LINE('',#4153,#399);
#198=LINE('',#4157,#400);
#199=LINE('',#4166,#401);
#200=LINE('',#4175,#402);
#201=LINE('',#4182,#403);
#202=LINE('',#4186,#404);
#203=LINE('',#4194,#405);
#204=LINE('',#4198,#406);
#205=LINE('',#4205,#407);
#206=LINE('',#4213,#408);
#207=LINE('',#4217,#409);
#208=LINE('',#4221,#410);
#209=LINE('',#4224,#411);
#210=LINE('',#4230,#412);
#211=LINE('',#4231,#413);
#212=LINE('',#4235,#414);
#213=LINE('',#4236,#415);
#214=LINE('',#4237,#416);
#215=LINE('',#4284,#417);
#216=LINE('',#4285,#418);
#217=LINE('',#4286,#419);
#218=LINE('',#4287,#420);
#219=LINE('',#4290,#421);
#220=LINE('',#4291,#422);
#221=LINE('',#4293,#423);
#222=LINE('',#4295,#424);
#223=LINE('',#4297,#425);
#224=LINE('',#4301,#426);
#225=LINE('',#4304,#427);
#226=LINE('',#4308,#428);
#227=LINE('',#4310,#429);
#228=LINE('',#4323,#430);
#229=LINE('',#4327,#431);
#230=LINE('',#4332,#432);
#231=LINE('',#4334,#433);
#232=LINE('',#4336,#434);
#233=LINE('',#4338,#435);
#234=LINE('',#4347,#436);
#235=LINE('',#4364,#437);
#236=LINE('',#4367,#438);
#237=LINE('',#4370,#439);
#238=LINE('',#4371,#440);
#239=LINE('',#4375,#441);
#240=LINE('',#4378,#442);
#241=LINE('',#4380,#443);
#242=LINE('',#4393,#444);
#243=LINE('',#4406,#445);
#244=LINE('',#4463,#446);
#245=LINE('',#4480,#447);
#246=LINE('',#4491,#448);
#247=LINE('',#4521,#449);
#248=LINE('',#4523,#450);
#249=LINE('',#4531,#451);
#250=LINE('',#4533,#452);
#251=LINE('',#4535,#453);
#252=LINE('',#4537,#454);
#253=LINE('',#4538,#455);
#254=LINE('',#4541,#456);
#255=LINE('',#4545,#457);
#256=LINE('',#4648,#458);
#257=LINE('',#4653,#459);
#258=LINE('',#4655,#460);
#259=LINE('',#4657,#461);
#260=LINE('',#4659,#462);
#261=LINE('',#4661,#463);
#262=LINE('',#4663,#464);
#263=LINE('',#4665,#465);
#264=LINE('',#4667,#466);
#265=LINE('',#4671,#467);
#266=LINE('',#4675,#468);
#267=LINE('',#4681,#469);
#268=LINE('',#4687,#470);
#269=LINE('',#4692,#471);
#270=LINE('',#4697,#472);
#271=LINE('',#4701,#473);
#272=LINE('',#4704,#474);
#273=LINE('',#4706,#475);
#274=LINE('',#4707,#476);
#275=LINE('',#4708,#477);
#276=LINE('',#4717,#478);
#277=LINE('',#4723,#479);
#278=LINE('',#4726,#480);
#279=LINE('',#4729,#481);
#280=LINE('',#4731,#482);
#281=LINE('',#4732,#483);
#282=LINE('',#4734,#484);
#283=LINE('',#4735,#485);
#284=LINE('',#4739,#486);
#285=LINE('',#4740,#487);
#286=LINE('',#4744,#488);
#287=LINE('',#4747,#489);
#288=LINE('',#4748,#490);
#289=LINE('',#4754,#491);
#290=LINE('',#4756,#492);
#291=LINE('',#4758,#493);
#292=LINE('',#4759,#494);
#293=LINE('',#4762,#495);
#294=LINE('',#4764,#496);
#295=LINE('',#4765,#497);
#296=LINE('',#4770,#498);
#297=LINE('',#4776,#499);
#298=LINE('',#4778,#500);
#299=LINE('',#4780,#501);
#300=LINE('',#4781,#502);
#301=LINE('',#4787,#503);
#302=LINE('',#4792,#504);
#303=LINE('',#4794,#505);
#304=LINE('',#4795,#506);
#305=LINE('',#4797,#507);
#306=LINE('',#4798,#508);
#307=LINE('',#4803,#509);
#308=LINE('',#4805,#510);
#309=LINE('',#4807,#511);
#310=LINE('',#4808,#512);
#311=LINE('',#4813,#513);
#312=LINE('',#4818,#514);
#313=LINE('',#4822,#515);
#314=LINE('',#4826,#516);
#315=LINE('',#4827,#517);
#316=LINE('',#4831,#518);
#317=LINE('',#4839,#519);
#318=LINE('',#4843,#520);
#319=LINE('',#4846,#521);
#320=LINE('',#4847,#522);
#321=LINE('',#4851,#523);
#322=LINE('',#4854,#524);
#323=LINE('',#4857,#525);
#324=VECTOR('',#2959,10.);
#325=VECTOR('',#2966,10.);
#326=VECTOR('',#2971,10.);
#327=VECTOR('',#2972,10.);
#328=VECTOR('',#2983,10.);
#329=VECTOR('',#2984,10.);
#330=VECTOR('',#2985,10.);
#331=VECTOR('',#2990,10.);
#332=VECTOR('',#2997,10.);
#333=VECTOR('',#3004,1.1);
#334=VECTOR('',#3011,1.1);
#335=VECTOR('',#3032,10.);
#336=VECTOR('',#3033,10.);
#337=VECTOR('',#3036,10.);
#338=VECTOR('',#3037,10.);
#339=VECTOR('',#3042,10.);
#340=VECTOR('',#3045,10.);
#341=VECTOR('',#3056,1000.);
#342=VECTOR('',#3057,1000.);
#343=VECTOR('',#3058,1000.);
#344=VECTOR('',#3059,1000.);
#345=VECTOR('',#3062,1000.);
#346=VECTOR('',#3063,1000.);
#347=VECTOR('',#3064,1000.);
#348=VECTOR('',#3069,1000.);
#349=VECTOR('',#3072,1000.);
#350=VECTOR('',#3075,1000.);
#351=VECTOR('',#3076,1000.);
#352=VECTOR('',#3077,1000.);
#353=VECTOR('',#3080,1000.);
#354=VECTOR('',#3081,1000.);
#355=VECTOR('',#3082,1000.);
#356=VECTOR('',#3089,10.);
#357=VECTOR('',#3092,1000.);
#358=VECTOR('',#3093,1000.);
#359=VECTOR('',#3098,1000.);
#360=VECTOR('',#3101,1000.);
#361=VECTOR('',#3102,1000.);
#362=VECTOR('',#3103,1000.);
#363=VECTOR('',#3104,1000.);
#364=VECTOR('',#3105,1000.);
#365=VECTOR('',#3106,1000.);
#366=VECTOR('',#3107,1000.);
#367=VECTOR('',#3110,1000.);
#368=VECTOR('',#3121,1000.);
#369=VECTOR('',#3122,1000.);
#370=VECTOR('',#3125,1000.);
#371=VECTOR('',#3126,10.);
#372=VECTOR('',#3127,1000.);
#373=VECTOR('',#3140,1000.);
#374=VECTOR('',#3145,1000.);
#375=VECTOR('',#3150,1000.);
#376=VECTOR('',#3151,1000.);
#377=VECTOR('',#3152,1000.);
#378=VECTOR('',#3155,10.);
#379=VECTOR('',#3158,1000.);
#380=VECTOR('',#3163,1000.);
#381=VECTOR('',#3170,1000.);
#382=VECTOR('',#3173,1000.);
#383=VECTOR('',#3176,1000.);
#384=VECTOR('',#3177,1000.);
#385=VECTOR('',#3182,1000.);
#386=VECTOR('',#3185,10.);
#387=VECTOR('',#3186,1000.);
#388=VECTOR('',#3187,1000.);
#389=VECTOR('',#3192,1000.);
#390=VECTOR('',#3197,1000.);
#391=VECTOR('',#3200,1000.);
#392=VECTOR('',#3203,1000.);
#393=VECTOR('',#3208,1000.);
#394=VECTOR('',#3211,1000.);
#395=VECTOR('',#3216,1000.);
#396=VECTOR('',#3217,1000.);
#397=VECTOR('',#3218,10.);
#398=VECTOR('',#3221,1000.);
#399=VECTOR('',#3224,1000.);
#400=VECTOR('',#3227,1000.);
#401=VECTOR('',#3236,1000.);
#402=VECTOR('',#3245,1000.);
#403=VECTOR('',#3252,10.);
#404=VECTOR('',#3255,1000.);
#405=VECTOR('',#3262,1000.);
#406=VECTOR('',#3265,1000.);
#407=VECTOR('',#3272,1000.);
#408=VECTOR('',#3281,1.69999999999999);
#409=VECTOR('',#3286,1.69999999999999);
#410=VECTOR('',#3291,1000.);
#411=VECTOR('',#3294,1000.);
#412=VECTOR('',#3301,1000.);
#413=VECTOR('',#3302,1000.);
#414=VECTOR('',#3305,10.);
#415=VECTOR('',#3306,1000.);
#416=VECTOR('',#3307,1000.);
#417=VECTOR('',#3324,1000.);
#418=VECTOR('',#3325,1000.);
#419=VECTOR('',#3326,1000.);
#420=VECTOR('',#3327,10.);
#421=VECTOR('',#3332,1000.);
#422=VECTOR('',#3333,1000.);
#423=VECTOR('',#3336,1000.);
#424=VECTOR('',#3339,1.69999999999996);
#425=VECTOR('',#3342,1.69999999999999);
#426=VECTOR('',#3345,10.);
#427=VECTOR('',#3348,10.);
#428=VECTOR('',#3353,1000.);
#429=VECTOR('',#3354,1000.);
#430=VECTOR('',#3359,10.);
#431=VECTOR('',#3362,10.);
#432=VECTOR('',#3367,10.);
#433=VECTOR('',#3368,10.);
#434=VECTOR('',#3369,1000.);
#435=VECTOR('',#3370,10.);
#436=VECTOR('',#3373,10.);
#437=VECTOR('',#3376,10.);
#438=VECTOR('',#3379,10.);
#439=VECTOR('',#3382,10.);
#440=VECTOR('',#3383,10.);
#441=VECTOR('',#3388,10.);
#442=VECTOR('',#3391,10.);
#443=VECTOR('',#3392,1000.);
#444=VECTOR('',#3395,10.);
#445=VECTOR('',#3396,1000.);
#446=VECTOR('',#3417,1000.);
#447=VECTOR('',#3426,1000.);
#448=VECTOR('',#3429,1000.);
#449=VECTOR('',#3436,10.);
#450=VECTOR('',#3437,10.);
#451=VECTOR('',#3438,10.);
#452=VECTOR('',#3439,10.);
#453=VECTOR('',#3440,10.);
#454=VECTOR('',#3441,10.);
#455=VECTOR('',#3442,10.);
#456=VECTOR('',#3445,10.);
#457=VECTOR('',#3450,10.);
#458=VECTOR('',#3501,3.25);
#459=VECTOR('',#3508,3.25);
#460=VECTOR('',#3511,1.65);
#461=VECTOR('',#3514,1.65);
#462=VECTOR('',#3517,1000.);
#463=VECTOR('',#3520,1000.);
#464=VECTOR('',#3523,1000.);
#465=VECTOR('',#3526,1000.);
#466=VECTOR('',#3529,10.);
#467=VECTOR('',#3534,10.);
#468=VECTOR('',#3539,10.);
#469=VECTOR('',#3546,10.);
#470=VECTOR('',#3553,10.);
#471=VECTOR('',#3558,10.);
#472=VECTOR('',#3565,10.);
#473=VECTOR('',#3570,10.);
#474=VECTOR('',#3573,10.);
#475=VECTOR('',#3574,10.);
#476=VECTOR('',#3575,10.);
#477=VECTOR('',#3576,10.);
#478=VECTOR('',#3593,10.);
#479=VECTOR('',#3598,10.);
#480=VECTOR('',#3601,10.);
#481=VECTOR('',#3604,10.);
#482=VECTOR('',#3605,10.);
#483=VECTOR('',#3606,10.);
#484=VECTOR('',#3609,10.);
#485=VECTOR('',#3610,10.);
#486=VECTOR('',#3615,10.);
#487=VECTOR('',#3616,10.);
#488=VECTOR('',#3621,2.5);
#489=VECTOR('',#3626,10.);
#490=VECTOR('',#3627,10.);
#491=VECTOR('',#3634,10.);
#492=VECTOR('',#3635,10.);
#493=VECTOR('',#3636,10.);
#494=VECTOR('',#3637,10.);
#495=VECTOR('',#3640,10.);
#496=VECTOR('',#3641,10.);
#497=VECTOR('',#3642,10.);
#498=VECTOR('',#3647,2.5);
#499=VECTOR('',#3654,10.);
#500=VECTOR('',#3655,10.);
#501=VECTOR('',#3656,10.);
#502=VECTOR('',#3657,10.);
#503=VECTOR('',#3664,10.);
#504=VECTOR('',#3669,10.);
#505=VECTOR('',#3670,10.);
#506=VECTOR('',#3671,10.);
#507=VECTOR('',#3674,10.);
#508=VECTOR('',#3675,10.);
#509=VECTOR('',#3680,10.);
#510=VECTOR('',#3681,10.);
#511=VECTOR('',#3682,10.);
#512=VECTOR('',#3683,10.);
#513=VECTOR('',#3688,10.);
#514=VECTOR('',#3693,10.);
#515=VECTOR('',#3698,10.);
#516=VECTOR('',#3703,10.);
#517=VECTOR('',#3704,10.);
#518=VECTOR('',#3707,10.);
#519=VECTOR('',#3718,1.1);
#520=VECTOR('',#3723,10.);
#521=VECTOR('',#3726,10.);
#522=VECTOR('',#3727,10.);
#523=VECTOR('',#3732,10.);
#524=VECTOR('',#3735,10.);
#525=VECTOR('',#3740,10.);
#526=PLANE('',#2656);
#527=PLANE('',#2666);
#528=PLANE('',#2680);
#529=PLANE('',#2684);
#530=PLANE('',#2693);
#531=PLANE('',#2695);
#532=PLANE('',#2697);
#533=PLANE('',#2698);
#534=PLANE('',#2702);
#535=PLANE('',#2703);
#536=PLANE('',#2709);
#537=PLANE('',#2716);
#538=PLANE('',#2723);
#539=PLANE('',#2724);
#540=PLANE('',#2736);
#541=PLANE('',#2737);
#542=PLANE('',#2739);
#543=PLANE('',#2743);
#544=PLANE('',#2746);
#545=PLANE('',#2750);
#546=PLANE('',#2753);
#547=PLANE('',#2763);
#548=PLANE('',#2785);
#549=PLANE('',#2793);
#550=PLANE('',#2799);
#551=PLANE('',#2804);
#552=PLANE('',#2807);
#553=PLANE('',#2811);
#554=PLANE('',#2814);
#555=PLANE('',#2815);
#556=PLANE('',#2816);
#557=PLANE('',#2830);
#558=PLANE('',#2833);
#559=PLANE('',#2834);
#560=PLANE('',#2859);
#561=PLANE('',#2862);
#562=PLANE('',#2871);
#563=PLANE('',#2885);
#564=PLANE('',#2889);
#565=PLANE('',#2893);
#566=PLANE('',#2894);
#567=PLANE('',#2895);
#568=PLANE('',#2901);
#569=PLANE('',#2902);
#570=PLANE('',#2908);
#571=PLANE('',#2909);
#572=PLANE('',#2910);
#573=PLANE('',#2911);
#574=PLANE('',#2912);
#575=PLANE('',#2916);
#576=PLANE('',#2921);
#577=PLANE('',#2923);
#578=PLANE('',#2925);
#579=PLANE('',#2931);
#580=PLANE('',#2933);
#581=PLANE('',#2934);
#582=PLANE('',#2940);
#583=PLANE('',#2942);
#584=PLANE('',#2945);
#585=PLANE('',#2948);
#586=FACE_OUTER_BOUND('',#727,.T.);
#587=FACE_OUTER_BOUND('',#728,.T.);
#588=FACE_OUTER_BOUND('',#729,.T.);
#589=FACE_OUTER_BOUND('',#730,.T.);
#590=FACE_OUTER_BOUND('',#731,.T.);
#591=FACE_OUTER_BOUND('',#732,.T.);
#592=FACE_OUTER_BOUND('',#733,.T.);
#593=FACE_OUTER_BOUND('',#735,.T.);
#594=FACE_OUTER_BOUND('',#737,.T.);
#595=FACE_OUTER_BOUND('',#738,.T.);
#596=FACE_OUTER_BOUND('',#739,.T.);
#597=FACE_OUTER_BOUND('',#740,.T.);
#598=FACE_OUTER_BOUND('',#742,.T.);
#599=FACE_OUTER_BOUND('',#744,.T.);
#600=FACE_OUTER_BOUND('',#745,.T.);
#601=FACE_OUTER_BOUND('',#746,.T.);
#602=FACE_OUTER_BOUND('',#747,.T.);
#603=FACE_OUTER_BOUND('',#748,.T.);
#604=FACE_OUTER_BOUND('',#749,.T.);
#605=FACE_OUTER_BOUND('',#750,.T.);
#606=FACE_OUTER_BOUND('',#751,.T.);
#607=FACE_OUTER_BOUND('',#756,.T.);
#608=FACE_OUTER_BOUND('',#761,.T.);
#609=FACE_OUTER_BOUND('',#762,.T.);
#610=FACE_OUTER_BOUND('',#763,.T.);
#611=FACE_OUTER_BOUND('',#764,.T.);
#612=FACE_OUTER_BOUND('',#765,.T.);
#613=FACE_OUTER_BOUND('',#766,.T.);
#614=FACE_OUTER_BOUND('',#767,.T.);
#615=FACE_OUTER_BOUND('',#768,.T.);
#616=FACE_OUTER_BOUND('',#769,.T.);
#617=FACE_OUTER_BOUND('',#770,.T.);
#618=FACE_OUTER_BOUND('',#771,.T.);
#619=FACE_OUTER_BOUND('',#772,.T.);
#620=FACE_OUTER_BOUND('',#773,.T.);
#621=FACE_OUTER_BOUND('',#774,.T.);
#622=FACE_OUTER_BOUND('',#775,.T.);
#623=FACE_OUTER_BOUND('',#776,.T.);
#624=FACE_OUTER_BOUND('',#777,.T.);
#625=FACE_OUTER_BOUND('',#778,.T.);
#626=FACE_OUTER_BOUND('',#779,.T.);
#627=FACE_OUTER_BOUND('',#780,.T.);
#628=FACE_OUTER_BOUND('',#783,.T.);
#629=FACE_OUTER_BOUND('',#784,.T.);
#630=FACE_OUTER_BOUND('',#785,.T.);
#631=FACE_OUTER_BOUND('',#786,.T.);
#632=FACE_OUTER_BOUND('',#787,.T.);
#633=FACE_OUTER_BOUND('',#788,.T.);
#634=FACE_OUTER_BOUND('',#789,.T.);
#635=FACE_OUTER_BOUND('',#790,.T.);
#636=FACE_OUTER_BOUND('',#791,.T.);
#637=FACE_OUTER_BOUND('',#792,.T.);
#638=FACE_OUTER_BOUND('',#793,.T.);
#639=FACE_OUTER_BOUND('',#794,.T.);
#640=FACE_OUTER_BOUND('',#795,.T.);
#641=FACE_OUTER_BOUND('',#796,.T.);
#642=FACE_OUTER_BOUND('',#797,.T.);
#643=FACE_OUTER_BOUND('',#798,.T.);
#644=FACE_OUTER_BOUND('',#799,.T.);
#645=FACE_OUTER_BOUND('',#800,.T.);
#646=FACE_OUTER_BOUND('',#801,.T.);
#647=FACE_OUTER_BOUND('',#802,.T.);
#648=FACE_OUTER_BOUND('',#803,.T.);
#649=FACE_OUTER_BOUND('',#804,.T.);
#650=FACE_OUTER_BOUND('',#805,.T.);
#651=FACE_OUTER_BOUND('',#806,.T.);
#652=FACE_OUTER_BOUND('',#807,.T.);
#653=FACE_OUTER_BOUND('',#810,.T.);
#654=FACE_OUTER_BOUND('',#811,.T.);
#655=FACE_OUTER_BOUND('',#812,.T.);
#656=FACE_OUTER_BOUND('',#813,.T.);
#657=FACE_OUTER_BOUND('',#814,.T.);
#658=FACE_OUTER_BOUND('',#815,.T.);
#659=FACE_OUTER_BOUND('',#816,.T.);
#660=FACE_OUTER_BOUND('',#817,.T.);
#661=FACE_OUTER_BOUND('',#818,.T.);
#662=FACE_OUTER_BOUND('',#819,.T.);
#663=FACE_OUTER_BOUND('',#820,.T.);
#664=FACE_OUTER_BOUND('',#821,.T.);
#665=FACE_OUTER_BOUND('',#822,.T.);
#666=FACE_OUTER_BOUND('',#823,.T.);
#667=FACE_OUTER_BOUND('',#824,.T.);
#668=FACE_OUTER_BOUND('',#825,.T.);
#669=FACE_OUTER_BOUND('',#826,.T.);
#670=FACE_OUTER_BOUND('',#827,.T.);
#671=FACE_OUTER_BOUND('',#828,.T.);
#672=FACE_OUTER_BOUND('',#829,.T.);
#673=FACE_OUTER_BOUND('',#830,.T.);
#674=FACE_OUTER_BOUND('',#832,.T.);
#675=FACE_OUTER_BOUND('',#833,.T.);
#676=FACE_OUTER_BOUND('',#835,.T.);
#677=FACE_OUTER_BOUND('',#836,.T.);
#678=FACE_OUTER_BOUND('',#837,.T.);
#679=FACE_OUTER_BOUND('',#838,.T.);
#680=FACE_OUTER_BOUND('',#839,.T.);
#681=FACE_OUTER_BOUND('',#840,.T.);
#682=FACE_OUTER_BOUND('',#841,.T.);
#683=FACE_OUTER_BOUND('',#842,.T.);
#684=FACE_OUTER_BOUND('',#843,.T.);
#685=FACE_OUTER_BOUND('',#844,.T.);
#686=FACE_OUTER_BOUND('',#845,.T.);
#687=FACE_OUTER_BOUND('',#846,.T.);
#688=FACE_OUTER_BOUND('',#847,.T.);
#689=FACE_OUTER_BOUND('',#848,.T.);
#690=FACE_OUTER_BOUND('',#849,.T.);
#691=FACE_OUTER_BOUND('',#850,.T.);
#692=FACE_OUTER_BOUND('',#851,.T.);
#693=FACE_OUTER_BOUND('',#852,.T.);
#694=FACE_OUTER_BOUND('',#853,.T.);
#695=FACE_OUTER_BOUND('',#854,.T.);
#696=FACE_OUTER_BOUND('',#855,.T.);
#697=FACE_OUTER_BOUND('',#856,.T.);
#698=FACE_OUTER_BOUND('',#857,.T.);
#699=FACE_OUTER_BOUND('',#858,.T.);
#700=FACE_OUTER_BOUND('',#859,.T.);
#701=FACE_OUTER_BOUND('',#861,.T.);
#702=FACE_OUTER_BOUND('',#862,.T.);
#703=FACE_OUTER_BOUND('',#863,.T.);
#704=FACE_OUTER_BOUND('',#864,.T.);
#705=FACE_OUTER_BOUND('',#866,.T.);
#706=FACE_OUTER_BOUND('',#867,.T.);
#707=FACE_OUTER_BOUND('',#868,.T.);
#708=FACE_OUTER_BOUND('',#869,.T.);
#709=FACE_OUTER_BOUND('',#870,.T.);
#710=FACE_OUTER_BOUND('',#871,.T.);
#711=FACE_OUTER_BOUND('',#873,.T.);
#712=FACE_OUTER_BOUND('',#874,.T.);
#713=FACE_OUTER_BOUND('',#876,.T.);
#714=FACE_OUTER_BOUND('',#877,.T.);
#715=FACE_OUTER_BOUND('',#878,.T.);
#716=FACE_OUTER_BOUND('',#879,.T.);
#717=FACE_OUTER_BOUND('',#880,.T.);
#718=FACE_OUTER_BOUND('',#881,.T.);
#719=FACE_OUTER_BOUND('',#882,.T.);
#720=FACE_OUTER_BOUND('',#884,.T.);
#721=FACE_OUTER_BOUND('',#885,.T.);
#722=FACE_OUTER_BOUND('',#886,.T.);
#723=FACE_OUTER_BOUND('',#887,.T.);
#724=FACE_OUTER_BOUND('',#888,.T.);
#725=FACE_OUTER_BOUND('',#890,.T.);
#726=FACE_OUTER_BOUND('',#891,.T.);
#727=EDGE_LOOP('',(#1718,#1719,#1720,#1721));
#728=EDGE_LOOP('',(#1722,#1723,#1724,#1725,#1726,#1727,#1728,#1729,#1730,
#1731,#1732,#1733));
#729=EDGE_LOOP('',(#1734,#1735,#1736,#1737));
#730=EDGE_LOOP('',(#1738,#1739,#1740,#1741,#1742,#1743,#1744,#1745,#1746,
#1747,#1748,#1749,#1750));
#731=EDGE_LOOP('',(#1751,#1752,#1753,#1754));
#732=EDGE_LOOP('',(#1755,#1756,#1757,#1758));
#733=EDGE_LOOP('',(#1759,#1760,#1761));
#734=EDGE_LOOP('',(#1762));
#735=EDGE_LOOP('',(#1763,#1764,#1765));
#736=EDGE_LOOP('',(#1766));
#737=EDGE_LOOP('',(#1767,#1768,#1769,#1770));
#738=EDGE_LOOP('',(#1771,#1772,#1773,#1774));
#739=EDGE_LOOP('',(#1775,#1776,#1777,#1778));
#740=EDGE_LOOP('',(#1779,#1780,#1781));
#741=EDGE_LOOP('',(#1782));
#742=EDGE_LOOP('',(#1783,#1784,#1785));
#743=EDGE_LOOP('',(#1786));
#744=EDGE_LOOP('',(#1787,#1788,#1789,#1790));
#745=EDGE_LOOP('',(#1791,#1792,#1793,#1794));
#746=EDGE_LOOP('',(#1795,#1796,#1797,#1798));
#747=EDGE_LOOP('',(#1799,#1800,#1801,#1802));
#748=EDGE_LOOP('',(#1803,#1804,#1805,#1806));
#749=EDGE_LOOP('',(#1807,#1808,#1809,#1810,#1811));
#750=EDGE_LOOP('',(#1812,#1813,#1814,#1815));
#751=EDGE_LOOP('',(#1816,#1817,#1818,#1819,#1820,#1821,#1822,#1823,#1824,
#1825,#1826,#1827,#1828,#1829,#1830,#1831));
#752=EDGE_LOOP('',(#1832));
#753=EDGE_LOOP('',(#1833));
#754=EDGE_LOOP('',(#1834));
#755=EDGE_LOOP('',(#1835));
#756=EDGE_LOOP('',(#1836,#1837,#1838,#1839,#1840,#1841,#1842,#1843,#1844,
#1845,#1846,#1847));
#757=EDGE_LOOP('',(#1848));
#758=EDGE_LOOP('',(#1849));
#759=EDGE_LOOP('',(#1850));
#760=EDGE_LOOP('',(#1851));
#761=EDGE_LOOP('',(#1852,#1853,#1854,#1855));
#762=EDGE_LOOP('',(#1856,#1857,#1858,#1859,#1860,#1861,#1862,#1863));
#763=EDGE_LOOP('',(#1864,#1865,#1866,#1867,#1868));
#764=EDGE_LOOP('',(#1869,#1870,#1871,#1872,#1873,#1874));
#765=EDGE_LOOP('',(#1875,#1876,#1877,#1878));
#766=EDGE_LOOP('',(#1879,#1880,#1881,#1882));
#767=EDGE_LOOP('',(#1883,#1884,#1885,#1886));
#768=EDGE_LOOP('',(#1887,#1888,#1889,#1890));
#769=EDGE_LOOP('',(#1891,#1892,#1893,#1894));
#770=EDGE_LOOP('',(#1895,#1896,#1897,#1898));
#771=EDGE_LOOP('',(#1899,#1900,#1901,#1902,#1903,#1904,#1905));
#772=EDGE_LOOP('',(#1906,#1907,#1908,#1909));
#773=EDGE_LOOP('',(#1910,#1911,#1912,#1913,#1914,#1915));
#774=EDGE_LOOP('',(#1916,#1917,#1918,#1919));
#775=EDGE_LOOP('',(#1920,#1921,#1922,#1923,#1924,#1925));
#776=EDGE_LOOP('',(#1926,#1927,#1928,#1929));
#777=EDGE_LOOP('',(#1930,#1931,#1932,#1933,#1934,#1935,#1936));
#778=EDGE_LOOP('',(#1937,#1938,#1939,#1940));
#779=EDGE_LOOP('',(#1941,#1942,#1943,#1944,#1945,#1946,#1947,#1948,#1949,
#1950,#1951,#1952,#1953,#1954,#1955,#1956,#1957,#1958,#1959,#1960));
#780=EDGE_LOOP('',(#1961,#1962,#1963,#1964,#1965,#1966,#1967,#1968,#1969,
#1970,#1971,#1972,#1973,#1974));
#781=EDGE_LOOP('',(#1975));
#782=EDGE_LOOP('',(#1976));
#783=EDGE_LOOP('',(#1977,#1978,#1979,#1980));
#784=EDGE_LOOP('',(#1981,#1982,#1983,#1984));
#785=EDGE_LOOP('',(#1985,#1986,#1987,#1988));
#786=EDGE_LOOP('',(#1989,#1990,#1991,#1992));
#787=EDGE_LOOP('',(#1993,#1994,#1995,#1996));
#788=EDGE_LOOP('',(#1997,#1998,#1999,#2000));
#789=EDGE_LOOP('',(#2001,#2002,#2003,#2004,#2005,#2006));
#790=EDGE_LOOP('',(#2007,#2008,#2009,#2010,#2011,#2012));
#791=EDGE_LOOP('',(#2013,#2014,#2015,#2016,#2017,#2018,#2019,#2020,#2021,
#2022));
#792=EDGE_LOOP('',(#2023,#2024,#2025,#2026));
#793=EDGE_LOOP('',(#2027,#2028,#2029,#2030));
#794=EDGE_LOOP('',(#2031,#2032,#2033,#2034));
#795=EDGE_LOOP('',(#2035,#2036,#2037,#2038));
#796=EDGE_LOOP('',(#2039,#2040,#2041,#2042));
#797=EDGE_LOOP('',(#2043,#2044,#2045,#2046,#2047));
#798=EDGE_LOOP('',(#2048,#2049,#2050,#2051,#2052));
#799=EDGE_LOOP('',(#2053,#2054,#2055,#2056,#2057));
#800=EDGE_LOOP('',(#2058,#2059,#2060,#2061,#2062));
#801=EDGE_LOOP('',(#2063,#2064,#2065,#2066));
#802=EDGE_LOOP('',(#2067,#2068,#2069,#2070));
#803=EDGE_LOOP('',(#2071,#2072,#2073,#2074));
#804=EDGE_LOOP('',(#2075,#2076,#2077,#2078));
#805=EDGE_LOOP('',(#2079,#2080,#2081,#2082,#2083,#2084,#2085));
#806=EDGE_LOOP('',(#2086,#2087,#2088,#2089,#2090,#2091,#2092,#2093));
#807=EDGE_LOOP('',(#2094,#2095,#2096,#2097,#2098,#2099));
#808=EDGE_LOOP('',(#2100));
#809=EDGE_LOOP('',(#2101));
#810=EDGE_LOOP('',(#2102,#2103,#2104,#2105));
#811=EDGE_LOOP('',(#2106,#2107,#2108,#2109,#2110,#2111,#2112,#2113,#2114,
#2115));
#812=EDGE_LOOP('',(#2116,#2117,#2118,#2119,#2120,#2121,#2122,#2123,#2124,
#2125));
#813=EDGE_LOOP('',(#2126,#2127,#2128,#2129));
#814=EDGE_LOOP('',(#2130,#2131,#2132,#2133,#2134,#2135,#2136,#2137));
#815=EDGE_LOOP('',(#2138,#2139,#2140,#2141,#2142));
#816=EDGE_LOOP('',(#2143,#2144,#2145,#2146,#2147,#2148,#2149,#2150));
#817=EDGE_LOOP('',(#2151,#2152,#2153,#2154,#2155,#2156,#2157,#2158,#2159));
#818=EDGE_LOOP('',(#2160,#2161,#2162,#2163,#2164,#2165,#2166,#2167,#2168,
#2169,#2170,#2171,#2172,#2173));
#819=EDGE_LOOP('',(#2174,#2175,#2176,#2177,#2178));
#820=EDGE_LOOP('',(#2179,#2180,#2181,#2182));
#821=EDGE_LOOP('',(#2183,#2184,#2185,#2186));
#822=EDGE_LOOP('',(#2187,#2188,#2189,#2190));
#823=EDGE_LOOP('',(#2191,#2192,#2193));
#824=EDGE_LOOP('',(#2194,#2195,#2196,#2197));
#825=EDGE_LOOP('',(#2198,#2199,#2200,#2201));
#826=EDGE_LOOP('',(#2202,#2203,#2204,#2205,#2206));
#827=EDGE_LOOP('',(#2207,#2208,#2209,#2210));
#828=EDGE_LOOP('',(#2211,#2212,#2213,#2214));
#829=EDGE_LOOP('',(#2215,#2216,#2217));
#830=EDGE_LOOP('',(#2218));
#831=EDGE_LOOP('',(#2219));
#832=EDGE_LOOP('',(#2220,#2221,#2222,#2223));
#833=EDGE_LOOP('',(#2224));
#834=EDGE_LOOP('',(#2225));
#835=EDGE_LOOP('',(#2226,#2227,#2228,#2229));
#836=EDGE_LOOP('',(#2230,#2231,#2232,#2233));
#837=EDGE_LOOP('',(#2234,#2235,#2236,#2237));
#838=EDGE_LOOP('',(#2238,#2239,#2240,#2241));
#839=EDGE_LOOP('',(#2242,#2243,#2244,#2245));
#840=EDGE_LOOP('',(#2246,#2247,#2248,#2249));
#841=EDGE_LOOP('',(#2250,#2251,#2252,#2253));
#842=EDGE_LOOP('',(#2254,#2255,#2256,#2257,#2258,#2259,#2260,#2261,#2262,
#2263));
#843=EDGE_LOOP('',(#2264,#2265,#2266,#2267));
#844=EDGE_LOOP('',(#2268,#2269,#2270,#2271));
#845=EDGE_LOOP('',(#2272,#2273,#2274,#2275,#2276,#2277));
#846=EDGE_LOOP('',(#2278,#2279,#2280,#2281,#2282,#2283,#2284,#2285,#2286));
#847=EDGE_LOOP('',(#2287,#2288,#2289,#2290,#2291,#2292,#2293,#2294));
#848=EDGE_LOOP('',(#2295,#2296,#2297,#2298));
#849=EDGE_LOOP('',(#2299,#2300,#2301,#2302));
#850=EDGE_LOOP('',(#2303,#2304,#2305,#2306,#2307,#2308));
#851=EDGE_LOOP('',(#2309,#2310,#2311,#2312));
#852=EDGE_LOOP('',(#2313,#2314,#2315,#2316,#2317));
#853=EDGE_LOOP('',(#2318,#2319,#2320,#2321));
#854=EDGE_LOOP('',(#2322,#2323,#2324,#2325,#2326));
#855=EDGE_LOOP('',(#2327,#2328,#2329,#2330,#2331,#2332,#2333,#2334));
#856=EDGE_LOOP('',(#2335,#2336,#2337,#2338,#2339,#2340,#2341,#2342,#2343,
#2344,#2345,#2346));
#857=EDGE_LOOP('',(#2347,#2348,#2349,#2350));
#858=EDGE_LOOP('',(#2351,#2352,#2353,#2354));
#859=EDGE_LOOP('',(#2355,#2356,#2357,#2358,#2359,#2360));
#860=EDGE_LOOP('',(#2361));
#861=EDGE_LOOP('',(#2362,#2363,#2364,#2365));
#862=EDGE_LOOP('',(#2366,#2367,#2368,#2369));
#863=EDGE_LOOP('',(#2370,#2371,#2372,#2373));
#864=EDGE_LOOP('',(#2374,#2375,#2376,#2377,#2378,#2379,#2380));
#865=EDGE_LOOP('',(#2381));
#866=EDGE_LOOP('',(#2382,#2383,#2384,#2385));
#867=EDGE_LOOP('',(#2386,#2387,#2388,#2389));
#868=EDGE_LOOP('',(#2390,#2391,#2392,#2393));
#869=EDGE_LOOP('',(#2394,#2395,#2396,#2397));
#870=EDGE_LOOP('',(#2398,#2399,#2400,#2401));
#871=EDGE_LOOP('',(#2402,#2403,#2404,#2405,#2406,#2407,#2408));
#872=EDGE_LOOP('',(#2409));
#873=EDGE_LOOP('',(#2410,#2411,#2412,#2413));
#874=EDGE_LOOP('',(#2414,#2415,#2416,#2417,#2418,#2419));
#875=EDGE_LOOP('',(#2420));
#876=EDGE_LOOP('',(#2421,#2422,#2423,#2424));
#877=EDGE_LOOP('',(#2425,#2426,#2427,#2428));
#878=EDGE_LOOP('',(#2429,#2430,#2431,#2432));
#879=EDGE_LOOP('',(#2433,#2434,#2435,#2436,#2437,#2438,#2439,#2440));
#880=EDGE_LOOP('',(#2441,#2442,#2443,#2444,#2445,#2446,#2447));
#881=EDGE_LOOP('',(#2448,#2449,#2450,#2451));
#882=EDGE_LOOP('',(#2452,#2453,#2454,#2455,#2456,#2457));
#883=EDGE_LOOP('',(#2458));
#884=EDGE_LOOP('',(#2459,#2460,#2461,#2462));
#885=EDGE_LOOP('',(#2463,#2464,#2465,#2466,#2467,#2468));
#886=EDGE_LOOP('',(#2469,#2470,#2471,#2472));
#887=EDGE_LOOP('',(#2473,#2474,#2475,#2476));
#888=EDGE_LOOP('',(#2477,#2478,#2479,#2480,#2481,#2482));
#889=EDGE_LOOP('',(#2483));
#890=EDGE_LOOP('',(#2484,#2485,#2486,#2487,#2488,#2489,#2490,#2491));
#891=EDGE_LOOP('',(#2492,#2493,#2494,#2495));
#892=CIRCLE('',#2654,1.95168682329849);
#893=CIRCLE('',#2655,8.25644692975765);
#894=CIRCLE('',#2657,32.4935885299402);
#895=CIRCLE('',#2658,0.999999999999995);
#896=CIRCLE('',#2659,28.6);
#897=CIRCLE('',#2660,0.999999999999995);
#898=CIRCLE('',#2661,32.4935885299402);
#899=CIRCLE('',#2662,1.);
#900=CIRCLE('',#2663,28.6024494784033);
#901=CIRCLE('',#2664,1.95168682329849);
#902=CIRCLE('',#2665,8.25644692975776);
#903=CIRCLE('',#2667,28.6024494784033);
#904=CIRCLE('',#2668,1.);
#905=CIRCLE('',#2669,32.4935885299402);
#906=CIRCLE('',#2670,0.999999999999995);
#907=CIRCLE('',#2671,28.6);
#908=CIRCLE('',#2672,0.999999999999995);
#909=CIRCLE('',#2673,32.4935885299402);
#910=CIRCLE('',#2675,1.1);
#911=CIRCLE('',#2676,1.1);
#912=CIRCLE('',#2678,1.1);
#913=CIRCLE('',#2679,1.1);
#914=CIRCLE('',#2681,28.6024494784033);
#915=CIRCLE('',#2682,1.9516868232985);
#916=CIRCLE('',#2683,1.95168682329849);
#917=CIRCLE('',#2685,28.6024494784033);
#918=CIRCLE('',#2686,1.95168682329849);
#919=CIRCLE('',#2687,1.9516868232985);
#920=CIRCLE('',#2690,1.95168682329849);
#921=CIRCLE('',#2692,1.95168682329849);
#922=CIRCLE('',#2694,28.6024494784033);
#923=CIRCLE('',#2696,28.6024494784033);
#924=CIRCLE('',#2700,12.0202622648293);
#925=CIRCLE('',#2701,12.0202622648293);
#926=CIRCLE('',#2705,34.1);
#927=CIRCLE('',#2706,36.0999999999901);
#928=CIRCLE('',#2708,34.1);
#929=CIRCLE('',#2710,4.);
#930=CIRCLE('',#2711,4.);
#931=CIRCLE('',#2712,1.65);
#932=CIRCLE('',#2713,1.65);
#933=CIRCLE('',#2714,1.69999999999999);
#934=CIRCLE('',#2715,1.69999999999996);
#935=CIRCLE('',#2717,4.);
#936=CIRCLE('',#2718,4.);
#937=CIRCLE('',#2719,1.65);
#938=CIRCLE('',#2720,1.65);
#939=CIRCLE('',#2721,1.69999999999999);
#940=CIRCLE('',#2722,1.69999999999996);
#941=CIRCLE('',#2725,4.00000000000001);
#942=CIRCLE('',#2726,4.00000000000001);
#943=CIRCLE('',#2727,36.0999999999884);
#944=CIRCLE('',#2733,34.1);
#945=CIRCLE('',#2740,9.99999999999999);
#946=CIRCLE('',#2742,9.99999999999999);
#947=CIRCLE('',#2745,34.1);
#948=CIRCLE('',#2747,9.99999999999999);
#949=CIRCLE('',#2749,9.99999999999999);
#950=CIRCLE('',#2752,28.6);
#951=CIRCLE('',#2754,1.99999999999999);
#952=CIRCLE('',#2755,35.9469052909983);
#953=CIRCLE('',#2756,1.99999999999999);
#954=CIRCLE('',#2757,4.00000000000001);
#955=CIRCLE('',#2758,4.00000000000001);
#956=CIRCLE('',#2759,1.99999999999999);
#957=CIRCLE('',#2760,35.9469052909983);
#958=CIRCLE('',#2761,1.99999999999999);
#959=CIRCLE('',#2762,29.6);
#960=CIRCLE('',#2764,1.99999999999999);
#961=CIRCLE('',#2765,1.99999999999999);
#962=CIRCLE('',#2766,1.99999999999999);
#963=CIRCLE('',#2767,35.946905290998);
#964=CIRCLE('',#2768,1.99999999999999);
#965=CIRCLE('',#2769,29.6000000000003);
#966=CIRCLE('',#2770,1.99999999999999);
#967=CIRCLE('',#2771,35.946905290998);
#968=CIRCLE('',#2772,1.99999999999999);
#969=CIRCLE('',#2773,1.69999999999999);
#970=CIRCLE('',#2774,1.69999999999999);
#971=CIRCLE('',#2776,1.69999999999999);
#972=CIRCLE('',#2778,1.69999999999999);
#973=CIRCLE('',#2780,1.99999999999999);
#974=CIRCLE('',#2782,1.99999999999999);
#975=CIRCLE('',#2784,1.99999999999999);
#976=CIRCLE('',#2787,28.6);
#977=CIRCLE('',#2788,363.200493895054);
#978=CIRCLE('',#2789,363.200653999804);
#979=CIRCLE('',#2791,363.200656506476);
#980=CIRCLE('',#2792,363.20049320946);
#981=CIRCLE('',#2800,35.9469052909983);
#982=CIRCLE('',#2801,33.);
#983=CIRCLE('',#2803,1.99999999999999);
#984=CIRCLE('',#2805,35.9469052909983);
#985=CIRCLE('',#2806,33.);
#986=CIRCLE('',#2810,1.99999999999999);
#987=CIRCLE('',#2813,1.99999999999999);
#988=CIRCLE('',#2817,33.);
#989=CIRCLE('',#2818,3.25);
#990=CIRCLE('',#2819,3.25);
#991=CIRCLE('',#2821,32.);
#992=CIRCLE('',#2823,35.9469052909983);
#993=CIRCLE('',#2825,35.9469052909983);
#994=CIRCLE('',#2827,0.999999999999988);
#995=CIRCLE('',#2829,4.00000000000001);
#996=CIRCLE('',#2832,4.00000000000001);
#997=CIRCLE('',#2835,34.);
#998=CIRCLE('',#2836,34.);
#999=CIRCLE('',#2838,32.);
#1000=CIRCLE('',#2840,1.);
#1001=CIRCLE('',#2841,32.);
#1002=CIRCLE('',#2842,1.00000000000001);
#1003=CIRCLE('',#2843,1.00000000000002);
#1004=CIRCLE('',#2846,0.999999999999991);
#1005=CIRCLE('',#2848,0.999999999999988);
#1006=CIRCLE('',#2850,1.);
#1007=CIRCLE('',#2851,32.);
#1008=CIRCLE('',#2853,32.);
#1009=CIRCLE('',#2855,1.00000000000002);
#1010=CIRCLE('',#2856,1.00000000000001);
#1011=CIRCLE('',#2858,0.999999999999992);
#1012=CIRCLE('',#2860,3.25);
#1013=CIRCLE('',#2863,3.25);
#1014=CIRCLE('',#2873,0.999999999999995);
#1015=CIRCLE('',#2875,0.999999999999995);
#1016=CIRCLE('',#2877,32.);
#1017=CIRCLE('',#2878,32.);
#1018=CIRCLE('',#2880,32.);
#1019=CIRCLE('',#2881,32.);
#1020=CIRCLE('',#2883,0.999999999999995);
#1021=CIRCLE('',#2884,0.999999999999995);
#1022=CIRCLE('',#2886,32.4935885299402);
#1023=CIRCLE('',#2888,32.4935885299402);
#1024=CIRCLE('',#2891,32.4935885299402);
#1025=CIRCLE('',#2892,32.4935885299402);
#1026=CIRCLE('',#2899,3.5);
#1027=CIRCLE('',#2900,3.5);
#1028=CIRCLE('',#2903,2.5);
#1029=CIRCLE('',#2907,2.5);
#1030=CIRCLE('',#2914,2.5);
#1031=CIRCLE('',#2915,2.5);
#1032=CIRCLE('',#2917,3.5);
#1033=CIRCLE('',#2919,1.);
#1034=CIRCLE('',#2920,1.);
#1035=CIRCLE('',#2922,3.5);
#1036=CIRCLE('',#2927,28.602449479116);
#1037=CIRCLE('',#2928,28.6024494784033);
#1038=CIRCLE('',#2929,28.6024494784033);
#1039=CIRCLE('',#2930,28.602449479116);
#1040=CIRCLE('',#2932,32.4935885299402);
#1041=CIRCLE('',#2935,32.4935885306528);
#1042=CIRCLE('',#2936,1.85);
#1043=CIRCLE('',#2937,1.1);
#1044=CIRCLE('',#2939,1.1);
#1045=CIRCLE('',#2941,32.4935885299402);
#1046=CIRCLE('',#2944,1.85);
#1047=CIRCLE('',#2946,32.4935885306528);
#1048=B_SPLINE_CURVE_WITH_KNOTS('',3,(#3761,#3762,#3763,#3764,#3765,#3766,
#3767,#3768,#3769,#3770,#3771,#3772),.UNSPECIFIED.,.F.,.F.,(4,2,2,2,2,4),
(0.,0.335185849249812,0.718048841619154,0.82254630193219,0.868010112265791,
0.906754660372808),.UNSPECIFIED.);
#1049=B_SPLINE_CURVE_WITH_KNOTS('',3,(#3776,#3777,#3778,#3779,#3780,#3781,
#3782,#3783,#3784,#3785,#3786,#3787),.UNSPECIFIED.,.F.,.F.,(4,2,2,2,2,4),
(0.,0.0434980006438192,0.105616614727817,0.232160642195319,0.413247000064219,
0.623105786855944),.UNSPECIFIED.);
#1050=B_SPLINE_CURVE_WITH_KNOTS('',3,(#3828,#3829,#3830,#3831,#3832,#3833,
#3834,#3835,#3836,#3837,#3838,#3839),.UNSPECIFIED.,.F.,.F.,(4,2,2,2,2,4),
(0.,0.355504858750978,0.761740104480163,0.876588794848305,0.928251122456292,
0.972468603375476),.UNSPECIFIED.);
#1051=B_SPLINE_CURVE_WITH_KNOTS('',3,(#3843,#3844,#3845,#3846,#3847,#3848,
#3849,#3850,#3851,#3852,#3853,#3854),.UNSPECIFIED.,.F.,.F.,(4,2,2,2,2,4),
(0.,0.039731258848682,0.0994125801617498,0.223033492082181,0.450322753602133,
0.681936880151874),.UNSPECIFIED.);
#1052=B_SPLINE_CURVE_WITH_KNOTS('',3,(#3964,#3965,#3966,#3967,#3968,#3969,
#3970,#3971,#3972,#3973,#3974,#3975),.UNSPECIFIED.,.F.,.F.,(4,2,2,2,2,4),
(0.64290522912067,0.674015505401167,0.741776169117068,0.822134501531204,
0.903794650995285,0.966327588449757),.UNSPECIFIED.);
#1053=B_SPLINE_CURVE_WITH_KNOTS('',3,(#3980,#3981,#3982,#3983,#3984,#3985,
#3986,#3987,#3988,#3989,#3990,#3991),.UNSPECIFIED.,.F.,.F.,(4,2,2,2,2,4),
(-1.01589997287519,-0.910076142601919,-0.74878112825805,-0.653585504495805,
-0.591584766544495,-0.552134031878915),.UNSPECIFIED.);
#1054=B_SPLINE_CURVE_WITH_KNOTS('',3,(#4076,#4077,#4078,#4079,#4080,#4081,
#4082,#4083,#4084,#4085,#4086,#4087),.UNSPECIFIED.,.F.,.F.,(4,2,2,2,2,4),
(0.319329719154949,0.372269511231786,0.447031880831399,0.531023931395039,
0.606485186938835,0.642905229118786),.UNSPECIFIED.);
#1055=B_SPLINE_CURVE_WITH_KNOTS('',3,(#4090,#4091,#4092,#4093,#4094,#4095,
#4096,#4097,#4098,#4099,#4100,#4101,#4102,#4103),.UNSPECIFIED.,.F.,.F.,
(4,2,2,2,2,2,4),(-0.606264037943931,-0.554752548802856,-0.47379714032229,
-0.349498609985071,-0.138892991353183,-8.10462807976364E-15,0.00125820299673843),
 .UNSPECIFIED.);
#1056=B_SPLINE_CURVE_WITH_KNOTS('',3,(#4243,#4244,#4245,#4246,#4247,#4248,
#4249,#4250),.UNSPECIFIED.,.F.,.F.,(4,2,2,4),(0.554073430501072,0.590430272457059,
0.626787114413046,0.67299520361225),.UNSPECIFIED.);
#1057=B_SPLINE_CURVE_WITH_KNOTS('',3,(#4254,#4255,#4256,#4257,#4258,#4259,
#4260,#4261),.UNSPECIFIED.,.F.,.F.,(4,2,2,4),(0.435151657389892,0.481359746589087,
0.517716588545073,0.554073430501058),.UNSPECIFIED.);
#1058=B_SPLINE_CURVE_WITH_KNOTS('',3,(#4265,#4266,#4267,#4268,#4269,#4270,
#4271,#4272),.UNSPECIFIED.,.F.,.F.,(4,2,2,4),(0.0605334400542407,0.106741529253452,
0.143098371209449,0.179455213165446),.UNSPECIFIED.);
#1059=B_SPLINE_CURVE_WITH_KNOTS('',3,(#4274,#4275,#4276,#4277,#4278,#4279,
#4280,#4281),.UNSPECIFIED.,.F.,.F.,(4,2,2,4),(0.1794552131654,0.215812055121394,
0.252168897077388,0.298376986276607),.UNSPECIFIED.);
#1060=B_SPLINE_CURVE_WITH_KNOTS('',3,(#4313,#4314,#4315,#4316,#4317,#4318,
#4319,#4320),.UNSPECIFIED.,.F.,.F.,(4,2,2,4),(0.,0.12349179193508,0.173653829618625,
0.223815867302171),.UNSPECIFIED.);
#1061=B_SPLINE_CURVE_WITH_KNOTS('',3,(#4339,#4340,#4341,#4342,#4343,#4344),
 .UNSPECIFIED.,.F.,.F.,(4,1,1,4),(-0.174222995105009,-0.136889496153935,
-0.0995559972028622,0.),.UNSPECIFIED.);
#1062=B_SPLINE_CURVE_WITH_KNOTS('',3,(#4348,#4349,#4350,#4351,#4352,#4353,
#4354,#4355,#4356,#4357,#4358,#4359,#4360,#4361),.UNSPECIFIED.,.F.,.F.,
(4,2,2,2,2,2,4),(-0.000541147783466432,0.,0.0345308553218315,0.068285044952698,
0.113385970930007,0.150233554563051,0.174712318173794),.UNSPECIFIED.);
#1063=B_SPLINE_CURVE_WITH_KNOTS('',3,(#4381,#4382,#4383,#4384,#4385,#4386,
#4387,#4388,#4389,#4390),.UNSPECIFIED.,.F.,.F.,(4,2,2,2,4),(0.152495848028713,
0.191931935065878,0.230287439481836,0.268389652091818,0.305250560393789),
 .UNSPECIFIED.);
#1064=B_SPLINE_CURVE_WITH_KNOTS('',3,(#4395,#4396,#4397,#4398,#4399,#4400,
#4401,#4402,#4403,#4404),.UNSPECIFIED.,.F.,.F.,(4,2,2,2,4),(0.305248899062356,
0.341545963791149,0.379036337150038,0.417956107091411,0.458002693018252),
 .UNSPECIFIED.);
#1065=B_SPLINE_CURVE_WITH_KNOTS('',3,(#4407,#4408,#4409,#4410,#4411,#4412,
#4413,#4414,#4415,#4416),.UNSPECIFIED.,.F.,.F.,(4,2,2,2,4),(0.305249641984613,
0.341546706713407,0.379037080072295,0.41795685001367,0.458003435940508),
 .UNSPECIFIED.);
#1066=B_SPLINE_CURVE_WITH_KNOTS('',3,(#4426,#4427,#4428,#4429,#4430,#4431,
#4432,#4433,#4434,#4435),.UNSPECIFIED.,.F.,.F.,(4,2,2,2,4),(0.165231493400939,
0.20967479148366,0.254118089566381,0.291466889862748,0.328815690159115),
 .UNSPECIFIED.);
#1067=B_SPLINE_CURVE_WITH_KNOTS('',3,(#4438,#4439,#4440,#4441,#4442,#4443,
#4444,#4445,#4446,#4447),.UNSPECIFIED.,.F.,.F.,(4,2,2,2,4),(0.328867141089695,
0.366215941386062,0.40356474168243,0.44800803976515,0.49245133784787),
 .UNSPECIFIED.);
#1068=B_SPLINE_CURVE_WITH_KNOTS('',3,(#4452,#4453,#4454,#4455,#4456,#4457,
#4458,#4459,#4460,#4461),.UNSPECIFIED.,.F.,.F.,(4,2,2,2,4),(0.,0.0373488002963686,
0.0746976005927373,0.119140898675456,0.163584196758175),.UNSPECIFIED.);
#1069=B_SPLINE_CURVE_WITH_KNOTS('',3,(#4464,#4465,#4466,#4467,#4468,#4469,
#4470,#4471,#4472,#4473),.UNSPECIFIED.,.F.,.F.,(4,2,2,2,4),(0.16526443164104,
0.208074554364243,0.250884677087446,0.28987590908857,0.328867141089694),
 .UNSPECIFIED.);
#1070=B_SPLINE_CURVE_WITH_KNOTS('',3,(#4481,#4482,#4483,#4484,#4485,#4486,
#4487,#4488),.UNSPECIFIED.,.F.,.F.,(4,2,2,4),(0.325321009524785,0.390247957333904,
0.512529701117945,0.570496166019792),.UNSPECIFIED.);
#1071=B_SPLINE_CURVE_WITH_KNOTS('',3,(#4493,#4494,#4495,#4496,#4497,#4498),
 .UNSPECIFIED.,.F.,.F.,(4,2,4),(0.,0.550355838310364,0.577874837273305),
 .UNSPECIFIED.);
#1072=B_SPLINE_CURVE_WITH_KNOTS('',3,(#4499,#4500,#4501,#4502,#4503,#4504),
 .UNSPECIFIED.,.F.,.F.,(4,2,4),(2.71078768788496,2.73830668695067,3.28866252526103),
 .UNSPECIFIED.);
#1073=B_SPLINE_CURVE_WITH_KNOTS('',3,(#4508,#4509,#4510,#4511,#4512,#4513,
#4514,#4515,#4516,#4517),.UNSPECIFIED.,.F.,.F.,(4,2,2,2,4),(0.695507298791377,
0.708423864839851,0.771420227243922,0.890902296536077,0.943115794778428),
 .UNSPECIFIED.);
#1074=B_SPLINE_CURVE_WITH_KNOTS('',3,(#4525,#4526,#4527,#4528,#4529,#4530),
 .UNSPECIFIED.,.F.,.F.,(4,1,1,4),(-0.694573380715917,-0.595019104254655,
-0.557686250581682,-0.520353396908709),.UNSPECIFIED.);
#1075=B_SPLINE_CURVE_WITH_KNOTS('',3,(#4548,#4549,#4550,#4551,#4552,#4553),
 .UNSPECIFIED.,.F.,.F.,(4,1,1,4),(0.,0.0995559972028622,0.136889496153935,
0.174222995105009),.UNSPECIFIED.);
#1076=B_SPLINE_CURVE_WITH_KNOTS('',3,(#4602,#4603,#4604,#4605,#4606,#4607),
 .UNSPECIFIED.,.F.,.F.,(4,1,1,4),(0.520353396908709,0.557686250581682,0.595019104254655,
0.694573380715917),.UNSPECIFIED.);
#1077=VERTEX_POINT('',#3759);
#1078=VERTEX_POINT('',#3760);
#1079=VERTEX_POINT('',#3773);
#1080=VERTEX_POINT('',#3775);
#1081=VERTEX_POINT('',#3790);
#1082=VERTEX_POINT('',#3792);
#1083=VERTEX_POINT('',#3794);
#1084=VERTEX_POINT('',#3796);
#1085=VERTEX_POINT('',#3798);
#1086=VERTEX_POINT('',#3800);
#1087=VERTEX_POINT('',#3802);
#1088=VERTEX_POINT('',#3804);
#1089=VERTEX_POINT('',#3806);
#1090=VERTEX_POINT('',#3808);
#1091=VERTEX_POINT('',#3826);
#1092=VERTEX_POINT('',#3827);
#1093=VERTEX_POINT('',#3840);
#1094=VERTEX_POINT('',#3842);
#1095=VERTEX_POINT('',#3857);
#1096=VERTEX_POINT('',#3859);
#1097=VERTEX_POINT('',#3861);
#1098=VERTEX_POINT('',#3863);
#1099=VERTEX_POINT('',#3865);
#1100=VERTEX_POINT('',#3867);
#1101=VERTEX_POINT('',#3869);
#1102=VERTEX_POINT('',#3871);
#1103=VERTEX_POINT('',#3873);
#1104=VERTEX_POINT('',#3875);
#1105=VERTEX_POINT('',#3877);
#1106=VERTEX_POINT('',#3881);
#1107=VERTEX_POINT('',#3883);
#1108=VERTEX_POINT('',#3887);
#1109=VERTEX_POINT('',#3889);
#1110=VERTEX_POINT('',#3893);
#1111=VERTEX_POINT('',#3894);
#1112=VERTEX_POINT('',#3896);
#1113=VERTEX_POINT('',#3900);
#1114=VERTEX_POINT('',#3901);
#1115=VERTEX_POINT('',#3903);
#1116=VERTEX_POINT('',#3911);
#1117=VERTEX_POINT('',#3916);
#1118=VERTEX_POINT('',#3924);
#1119=VERTEX_POINT('',#3925);
#1120=VERTEX_POINT('',#3927);
#1121=VERTEX_POINT('',#3929);
#1122=VERTEX_POINT('',#3933);
#1123=VERTEX_POINT('',#3935);
#1124=VERTEX_POINT('',#3939);
#1125=VERTEX_POINT('',#3940);
#1126=VERTEX_POINT('',#3942);
#1127=VERTEX_POINT('',#3944);
#1128=VERTEX_POINT('',#3948);
#1129=VERTEX_POINT('',#3950);
#1130=VERTEX_POINT('',#3954);
#1131=VERTEX_POINT('',#3955);
#1132=VERTEX_POINT('',#3960);
#1133=VERTEX_POINT('',#3961);
#1134=VERTEX_POINT('',#3963);
#1135=VERTEX_POINT('',#3976);
#1136=VERTEX_POINT('',#3978);
#1137=VERTEX_POINT('',#3993);
#1138=VERTEX_POINT('',#3995);
#1139=VERTEX_POINT('',#3999);
#1140=VERTEX_POINT('',#4001);
#1141=VERTEX_POINT('',#4003);
#1142=VERTEX_POINT('',#4005);
#1143=VERTEX_POINT('',#4007);
#1144=VERTEX_POINT('',#4009);
#1145=VERTEX_POINT('',#4011);
#1146=VERTEX_POINT('',#4013);
#1147=VERTEX_POINT('',#4015);
#1148=VERTEX_POINT('',#4019);
#1149=VERTEX_POINT('',#4021);
#1150=VERTEX_POINT('',#4023);
#1151=VERTEX_POINT('',#4025);
#1152=VERTEX_POINT('',#4028);
#1153=VERTEX_POINT('',#4031);
#1154=VERTEX_POINT('',#4033);
#1155=VERTEX_POINT('',#4035);
#1156=VERTEX_POINT('',#4037);
#1157=VERTEX_POINT('',#4040);
#1158=VERTEX_POINT('',#4042);
#1159=VERTEX_POINT('',#4044);
#1160=VERTEX_POINT('',#4046);
#1161=VERTEX_POINT('',#4051);
#1162=VERTEX_POINT('',#4053);
#1163=VERTEX_POINT('',#4055);
#1164=VERTEX_POINT('',#4057);
#1165=VERTEX_POINT('',#4059);
#1166=VERTEX_POINT('',#4061);
#1167=VERTEX_POINT('',#4065);
#1168=VERTEX_POINT('',#4067);
#1169=VERTEX_POINT('',#4069);
#1170=VERTEX_POINT('',#4075);
#1171=VERTEX_POINT('',#4088);
#1172=VERTEX_POINT('',#4115);
#1173=VERTEX_POINT('',#4117);
#1174=VERTEX_POINT('',#4119);
#1175=VERTEX_POINT('',#4123);
#1176=VERTEX_POINT('',#4129);
#1177=VERTEX_POINT('',#4131);
#1178=VERTEX_POINT('',#4135);
#1179=VERTEX_POINT('',#4139);
#1180=VERTEX_POINT('',#4143);
#1181=VERTEX_POINT('',#4145);
#1182=VERTEX_POINT('',#4149);
#1183=VERTEX_POINT('',#4151);
#1184=VERTEX_POINT('',#4155);
#1185=VERTEX_POINT('',#4156);
#1186=VERTEX_POINT('',#4158);
#1187=VERTEX_POINT('',#4160);
#1188=VERTEX_POINT('',#4163);
#1189=VERTEX_POINT('',#4165);
#1190=VERTEX_POINT('',#4168);
#1191=VERTEX_POINT('',#4170);
#1192=VERTEX_POINT('',#4172);
#1193=VERTEX_POINT('',#4174);
#1194=VERTEX_POINT('',#4178);
#1195=VERTEX_POINT('',#4179);
#1196=VERTEX_POINT('',#4181);
#1197=VERTEX_POINT('',#4183);
#1198=VERTEX_POINT('',#4185);
#1199=VERTEX_POINT('',#4187);
#1200=VERTEX_POINT('',#4189);
#1201=VERTEX_POINT('',#4191);
#1202=VERTEX_POINT('',#4193);
#1203=VERTEX_POINT('',#4195);
#1204=VERTEX_POINT('',#4197);
#1205=VERTEX_POINT('',#4199);
#1206=VERTEX_POINT('',#4201);
#1207=VERTEX_POINT('',#4203);
#1208=VERTEX_POINT('',#4206);
#1209=VERTEX_POINT('',#4208);
#1210=VERTEX_POINT('',#4211);
#1211=VERTEX_POINT('',#4215);
#1212=VERTEX_POINT('',#4219);
#1213=VERTEX_POINT('',#4223);
#1214=VERTEX_POINT('',#4227);
#1215=VERTEX_POINT('',#4228);
#1216=VERTEX_POINT('',#4233);
#1217=VERTEX_POINT('',#4234);
#1218=VERTEX_POINT('',#4239);
#1219=VERTEX_POINT('',#4240);
#1220=VERTEX_POINT('',#4242);
#1221=VERTEX_POINT('',#4252);
#1222=VERTEX_POINT('',#4263);
#1223=VERTEX_POINT('',#4273);
#1224=VERTEX_POINT('',#4299);
#1225=VERTEX_POINT('',#4300);
#1226=VERTEX_POINT('',#4303);
#1227=VERTEX_POINT('',#4307);
#1228=VERTEX_POINT('',#4309);
#1229=VERTEX_POINT('',#4311);
#1230=VERTEX_POINT('',#4322);
#1231=VERTEX_POINT('',#4324);
#1232=VERTEX_POINT('',#4326);
#1233=VERTEX_POINT('',#4330);
#1234=VERTEX_POINT('',#4331);
#1235=VERTEX_POINT('',#4333);
#1236=VERTEX_POINT('',#4335);
#1237=VERTEX_POINT('',#4337);
#1238=VERTEX_POINT('',#4346);
#1239=VERTEX_POINT('',#4363);
#1240=VERTEX_POINT('',#4365);
#1241=VERTEX_POINT('',#4369);
#1242=VERTEX_POINT('',#4373);
#1243=VERTEX_POINT('',#4377);
#1244=VERTEX_POINT('',#4379);
#1245=VERTEX_POINT('',#4392);
#1246=VERTEX_POINT('',#4394);
#1247=VERTEX_POINT('',#4405);
#1248=VERTEX_POINT('',#4419);
#1249=VERTEX_POINT('',#4421);
#1250=VERTEX_POINT('',#4436);
#1251=VERTEX_POINT('',#4449);
#1252=VERTEX_POINT('',#4451);
#1253=VERTEX_POINT('',#4462);
#1254=VERTEX_POINT('',#4477);
#1255=VERTEX_POINT('',#4479);
#1256=VERTEX_POINT('',#4490);
#1257=VERTEX_POINT('',#4492);
#1258=VERTEX_POINT('',#4506);
#1259=VERTEX_POINT('',#4519);
#1260=VERTEX_POINT('',#4520);
#1261=VERTEX_POINT('',#4522);
#1262=VERTEX_POINT('',#4524);
#1263=VERTEX_POINT('',#4532);
#1264=VERTEX_POINT('',#4534);
#1265=VERTEX_POINT('',#4536);
#1266=VERTEX_POINT('',#4540);
#1267=VERTEX_POINT('',#4543);
#1268=VERTEX_POINT('',#4547);
#1269=VERTEX_POINT('',#4556);
#1270=VERTEX_POINT('',#4597);
#1271=VERTEX_POINT('',#4601);
#1272=VERTEX_POINT('',#4645);
#1273=VERTEX_POINT('',#4650);
#1274=VERTEX_POINT('',#4669);
#1275=VERTEX_POINT('',#4673);
#1276=VERTEX_POINT('',#4677);
#1277=VERTEX_POINT('',#4679);
#1278=VERTEX_POINT('',#4683);
#1279=VERTEX_POINT('',#4684);
#1280=VERTEX_POINT('',#4689);
#1281=VERTEX_POINT('',#4691);
#1282=VERTEX_POINT('',#4695);
#1283=VERTEX_POINT('',#4699);
#1284=VERTEX_POINT('',#4703);
#1285=VERTEX_POINT('',#4705);
#1286=VERTEX_POINT('',#4719);
#1287=VERTEX_POINT('',#4720);
#1288=VERTEX_POINT('',#4722);
#1289=VERTEX_POINT('',#4724);
#1290=VERTEX_POINT('',#4728);
#1291=VERTEX_POINT('',#4730);
#1292=VERTEX_POINT('',#4736);
#1293=VERTEX_POINT('',#4743);
#1294=VERTEX_POINT('',#4752);
#1295=VERTEX_POINT('',#4753);
#1296=VERTEX_POINT('',#4755);
#1297=VERTEX_POINT('',#4757);
#1298=VERTEX_POINT('',#4761);
#1299=VERTEX_POINT('',#4763);
#1300=VERTEX_POINT('',#4767);
#1301=VERTEX_POINT('',#4769);
#1302=VERTEX_POINT('',#4773);
#1303=VERTEX_POINT('',#4775);
#1304=VERTEX_POINT('',#4777);
#1305=VERTEX_POINT('',#4779);
#1306=VERTEX_POINT('',#4783);
#1307=VERTEX_POINT('',#4785);
#1308=VERTEX_POINT('',#4789);
#1309=VERTEX_POINT('',#4791);
#1310=VERTEX_POINT('',#4793);
#1311=VERTEX_POINT('',#4801);
#1312=VERTEX_POINT('',#4802);
#1313=VERTEX_POINT('',#4804);
#1314=VERTEX_POINT('',#4806);
#1315=VERTEX_POINT('',#4810);
#1316=VERTEX_POINT('',#4812);
#1317=VERTEX_POINT('',#4815);
#1318=VERTEX_POINT('',#4817);
#1319=VERTEX_POINT('',#4821);
#1320=VERTEX_POINT('',#4825);
#1321=VERTEX_POINT('',#4829);
#1322=VERTEX_POINT('',#4830);
#1323=VERTEX_POINT('',#4834);
#1324=VERTEX_POINT('',#4837);
#1325=VERTEX_POINT('',#4841);
#1326=VERTEX_POINT('',#4845);
#1327=VERTEX_POINT('',#4849);
#1328=VERTEX_POINT('',#4853);
#1329=EDGE_CURVE('',#1077,#1078,#1048,.F.);
#1330=EDGE_CURVE('',#1079,#1077,#892,.T.);
#1331=EDGE_CURVE('',#1079,#1080,#1049,.T.);
#1332=EDGE_CURVE('',#1080,#1078,#893,.T.);
#1333=EDGE_CURVE('',#1080,#1081,#894,.T.);
#1334=EDGE_CURVE('',#1082,#1081,#122,.T.);
#1335=EDGE_CURVE('',#1083,#1082,#895,.T.);
#1336=EDGE_CURVE('',#1084,#1083,#896,.T.);
#1337=EDGE_CURVE('',#1085,#1084,#897,.T.);
#1338=EDGE_CURVE('',#1086,#1085,#123,.T.);
#1339=EDGE_CURVE('',#1086,#1087,#898,.T.);
#1340=EDGE_CURVE('',#1088,#1087,#899,.T.);
#1341=EDGE_CURVE('',#1088,#1089,#124,.T.);
#1342=EDGE_CURVE('',#1089,#1090,#125,.T.);
#1343=EDGE_CURVE('',#1090,#1078,#900,.T.);
#1344=EDGE_CURVE('',#1091,#1092,#1050,.F.);
#1345=EDGE_CURVE('',#1093,#1091,#901,.T.);
#1346=EDGE_CURVE('',#1093,#1094,#1051,.T.);
#1347=EDGE_CURVE('',#1094,#1092,#902,.T.);
#1348=EDGE_CURVE('',#1094,#1095,#903,.T.);
#1349=EDGE_CURVE('',#1095,#1096,#126,.T.);
#1350=EDGE_CURVE('',#1097,#1096,#127,.T.);
#1351=EDGE_CURVE('',#1097,#1098,#128,.T.);
#1352=EDGE_CURVE('',#1099,#1098,#904,.T.);
#1353=EDGE_CURVE('',#1099,#1100,#905,.T.);
#1354=EDGE_CURVE('',#1101,#1100,#129,.T.);
#1355=EDGE_CURVE('',#1102,#1101,#906,.T.);
#1356=EDGE_CURVE('',#1103,#1102,#907,.T.);
#1357=EDGE_CURVE('',#1104,#1103,#908,.T.);
#1358=EDGE_CURVE('',#1105,#1104,#130,.T.);
#1359=EDGE_CURVE('',#1105,#1092,#909,.T.);
#1360=EDGE_CURVE('',#1106,#1106,#910,.T.);
#1361=EDGE_CURVE('',#1106,#1107,#131,.T.);
#1362=EDGE_CURVE('',#1107,#1107,#911,.T.);
#1363=EDGE_CURVE('',#1108,#1108,#912,.T.);
#1364=EDGE_CURVE('',#1108,#1109,#132,.T.);
#1365=EDGE_CURVE('',#1109,#1109,#913,.T.);
#1366=EDGE_CURVE('',#1110,#1111,#914,.T.);
#1367=EDGE_CURVE('',#1112,#1110,#915,.T.);
#1368=EDGE_CURVE('',#1111,#1112,#916,.T.);
#1369=EDGE_CURVE('',#1113,#1114,#917,.T.);
#1370=EDGE_CURVE('',#1115,#1113,#918,.T.);
#1371=EDGE_CURVE('',#1114,#1115,#919,.T.);
#1372=EDGE_CURVE('',#1114,#1110,#133,.T.);
#1373=EDGE_CURVE('',#1115,#1112,#134,.T.);
#1374=EDGE_CURVE('',#1091,#1115,#135,.T.);
#1375=EDGE_CURVE('',#1113,#1116,#136,.T.);
#1376=EDGE_CURVE('',#1091,#1116,#920,.T.);
#1377=EDGE_CURVE('',#1112,#1079,#137,.T.);
#1378=EDGE_CURVE('',#1117,#1079,#921,.T.);
#1379=EDGE_CURVE('',#1117,#1111,#138,.T.);
#1380=EDGE_CURVE('',#1077,#1117,#922,.T.);
#1381=EDGE_CURVE('',#1116,#1093,#923,.T.);
#1382=EDGE_CURVE('',#1118,#1119,#139,.T.);
#1383=EDGE_CURVE('',#1120,#1119,#140,.T.);
#1384=EDGE_CURVE('',#1120,#1121,#141,.T.);
#1385=EDGE_CURVE('',#1121,#1118,#142,.T.);
#1386=EDGE_CURVE('',#1122,#1121,#143,.T.);
#1387=EDGE_CURVE('',#1123,#1120,#144,.T.);
#1388=EDGE_CURVE('',#1122,#1123,#145,.T.);
#1389=EDGE_CURVE('',#1124,#1125,#924,.T.);
#1390=EDGE_CURVE('',#1126,#1124,#146,.T.);
#1391=EDGE_CURVE('',#1126,#1127,#925,.T.);
#1392=EDGE_CURVE('',#1127,#1125,#147,.T.);
#1393=EDGE_CURVE('',#1125,#1128,#148,.T.);
#1394=EDGE_CURVE('',#1127,#1129,#149,.T.);
#1395=EDGE_CURVE('',#1129,#1128,#150,.T.);
#1396=EDGE_CURVE('',#1130,#1131,#151,.T.);
#1397=EDGE_CURVE('',#1130,#1126,#152,.T.);
#1398=EDGE_CURVE('',#1131,#1124,#153,.T.);
#1399=EDGE_CURVE('',#1132,#1133,#926,.T.);
#1400=EDGE_CURVE('',#1132,#1134,#1052,.T.);
#1401=EDGE_CURVE('',#1134,#1135,#927,.T.);
#1402=EDGE_CURVE('',#1136,#1135,#154,.T.);
#1403=EDGE_CURVE('',#1136,#1133,#1053,.T.);
#1404=EDGE_CURVE('',#1132,#1137,#155,.T.);
#1405=EDGE_CURVE('',#1133,#1138,#156,.T.);
#1406=EDGE_CURVE('',#1137,#1138,#928,.T.);
#1407=EDGE_CURVE('',#1118,#1139,#157,.T.);
#1408=EDGE_CURVE('',#1140,#1122,#929,.T.);
#1409=EDGE_CURVE('',#1141,#1140,#158,.T.);
#1410=EDGE_CURVE('',#1142,#1141,#159,.T.);
#1411=EDGE_CURVE('',#1143,#1142,#160,.T.);
#1412=EDGE_CURVE('',#1144,#1143,#161,.T.);
#1413=EDGE_CURVE('',#1145,#1144,#162,.T.);
#1414=EDGE_CURVE('',#1146,#1145,#163,.T.);
#1415=EDGE_CURVE('',#1147,#1146,#164,.T.);
#1416=EDGE_CURVE('',#1131,#1147,#930,.T.);
#1417=EDGE_CURVE('',#1139,#1128,#165,.T.);
#1418=EDGE_CURVE('',#1148,#1148,#931,.T.);
#1419=EDGE_CURVE('',#1149,#1149,#932,.T.);
#1420=EDGE_CURVE('',#1150,#1150,#933,.T.);
#1421=EDGE_CURVE('',#1151,#1151,#934,.T.);
#1422=EDGE_CURVE('',#1152,#1119,#166,.T.);
#1423=EDGE_CURVE('',#1152,#1129,#167,.T.);
#1424=EDGE_CURVE('',#1130,#1153,#935,.T.);
#1425=EDGE_CURVE('',#1154,#1153,#168,.T.);
#1426=EDGE_CURVE('',#1155,#1154,#169,.T.);
#1427=EDGE_CURVE('',#1155,#1156,#170,.T.);
#1428=EDGE_CURVE('',#1156,#1123,#936,.T.);
#1429=EDGE_CURVE('',#1157,#1157,#937,.T.);
#1430=EDGE_CURVE('',#1158,#1158,#938,.T.);
#1431=EDGE_CURVE('',#1159,#1159,#939,.T.);
#1432=EDGE_CURVE('',#1160,#1160,#940,.T.);
#1433=EDGE_CURVE('',#1139,#1152,#171,.T.);
#1434=EDGE_CURVE('',#1134,#1161,#941,.T.);
#1435=EDGE_CURVE('',#1161,#1162,#172,.T.);
#1436=EDGE_CURVE('',#1162,#1163,#942,.T.);
#1437=EDGE_CURVE('',#1164,#1163,#943,.T.);
#1438=EDGE_CURVE('',#1164,#1165,#173,.T.);
#1439=EDGE_CURVE('',#1165,#1166,#174,.T.);
#1440=EDGE_CURVE('',#1135,#1166,#175,.T.);
#1441=EDGE_CURVE('',#1166,#1167,#176,.T.);
#1442=EDGE_CURVE('',#1165,#1168,#23,.T.);
#1443=EDGE_CURVE('',#1168,#1169,#177,.T.);
#1444=EDGE_CURVE('',#1169,#1167,#24,.T.);
#1445=EDGE_CURVE('',#1169,#1133,#178,.T.);
#1446=EDGE_CURVE('',#1163,#1170,#1054,.T.);
#1447=EDGE_CURVE('',#1171,#1170,#944,.T.);
#1448=EDGE_CURVE('',#1171,#1164,#1055,.T.);
#1449=EDGE_CURVE('',#1171,#1168,#179,.T.);
#1450=EDGE_CURVE('',#1153,#1147,#180,.T.);
#1451=EDGE_CURVE('',#1168,#1144,#181,.T.);
#1452=EDGE_CURVE('',#1143,#1169,#182,.T.);
#1453=EDGE_CURVE('',#1140,#1156,#183,.T.);
#1454=EDGE_CURVE('',#1172,#1155,#184,.F.);
#1455=EDGE_CURVE('',#1172,#1173,#185,.T.);
#1456=EDGE_CURVE('',#1174,#1173,#186,.T.);
#1457=EDGE_CURVE('',#1141,#1174,#945,.T.);
#1458=EDGE_CURVE('',#1174,#1175,#187,.T.);
#1459=EDGE_CURVE('',#1175,#1142,#946,.T.);
#1460=EDGE_CURVE('',#1138,#1175,#188,.T.);
#1461=EDGE_CURVE('',#1176,#1170,#189,.T.);
#1462=EDGE_CURVE('',#1177,#1176,#947,.T.);
#1463=EDGE_CURVE('',#1177,#1171,#190,.T.);
#1464=EDGE_CURVE('',#1145,#1178,#948,.T.);
#1465=EDGE_CURVE('',#1178,#1177,#191,.T.);
#1466=EDGE_CURVE('',#1178,#1179,#192,.T.);
#1467=EDGE_CURVE('',#1179,#1146,#949,.T.);
#1468=EDGE_CURVE('',#1179,#1180,#193,.T.);
#1469=EDGE_CURVE('',#1180,#1181,#194,.T.);
#1470=EDGE_CURVE('',#1181,#1154,#195,.F.);
#1471=EDGE_CURVE('',#1102,#1182,#196,.T.);
#1472=EDGE_CURVE('',#1182,#1183,#950,.T.);
#1473=EDGE_CURVE('',#1183,#1103,#197,.T.);
#1474=EDGE_CURVE('',#1184,#1185,#198,.T.);
#1475=EDGE_CURVE('',#1184,#1186,#951,.T.);
#1476=EDGE_CURVE('',#1186,#1187,#952,.T.);
#1477=EDGE_CURVE('',#1187,#1180,#953,.T.);
#1478=EDGE_CURVE('',#1188,#1176,#954,.T.);
#1479=EDGE_CURVE('',#1189,#1188,#199,.T.);
#1480=EDGE_CURVE('',#1137,#1189,#955,.T.);
#1481=EDGE_CURVE('',#1173,#1190,#956,.T.);
#1482=EDGE_CURVE('',#1190,#1191,#957,.T.);
#1483=EDGE_CURVE('',#1191,#1192,#958,.T.);
#1484=EDGE_CURVE('',#1193,#1192,#200,.T.);
#1485=EDGE_CURVE('',#1193,#1185,#959,.T.);
#1486=EDGE_CURVE('',#1194,#1195,#960,.T.);
#1487=EDGE_CURVE('',#1194,#1196,#201,.F.);
#1488=EDGE_CURVE('',#1197,#1196,#961,.T.);
#1489=EDGE_CURVE('',#1197,#1198,#202,.T.);
#1490=EDGE_CURVE('',#1198,#1199,#962,.T.);
#1491=EDGE_CURVE('',#1199,#1200,#963,.T.);
#1492=EDGE_CURVE('',#1200,#1201,#964,.T.);
#1493=EDGE_CURVE('',#1202,#1201,#203,.T.);
#1494=EDGE_CURVE('',#1202,#1203,#965,.T.);
#1495=EDGE_CURVE('',#1204,#1203,#204,.T.);
#1496=EDGE_CURVE('',#1204,#1205,#966,.T.);
#1497=EDGE_CURVE('',#1205,#1206,#967,.T.);
#1498=EDGE_CURVE('',#1206,#1207,#968,.T.);
#1499=EDGE_CURVE('',#1207,#1195,#205,.T.);
#1500=EDGE_CURVE('',#1208,#1208,#969,.F.);
#1501=EDGE_CURVE('',#1209,#1209,#970,.F.);
#1502=EDGE_CURVE('',#1210,#1210,#971,.T.);
#1503=EDGE_CURVE('',#1210,#1208,#206,.T.);
#1504=EDGE_CURVE('',#1211,#1211,#972,.T.);
#1505=EDGE_CURVE('',#1211,#1209,#207,.T.);
#1506=EDGE_CURVE('',#1212,#1172,#973,.F.);
#1507=EDGE_CURVE('',#1190,#1212,#208,.T.);
#1508=EDGE_CURVE('',#1213,#1187,#209,.T.);
#1509=EDGE_CURVE('',#1181,#1213,#974,.F.);
#1510=EDGE_CURVE('',#1214,#1215,#975,.T.);
#1511=EDGE_CURVE('',#1199,#1214,#210,.T.);
#1512=EDGE_CURVE('',#1215,#1198,#211,.T.);
#1513=EDGE_CURVE('',#1216,#1217,#212,.T.);
#1514=EDGE_CURVE('',#1217,#1162,#213,.T.);
#1515=EDGE_CURVE('',#1216,#1161,#214,.T.);
#1516=EDGE_CURVE('',#1218,#1219,#976,.T.);
#1517=EDGE_CURVE('',#1218,#1220,#1056,.T.);
#1518=EDGE_CURVE('',#1203,#1220,#977,.T.);
#1519=EDGE_CURVE('',#1221,#1202,#978,.T.);
#1520=EDGE_CURVE('',#1221,#1219,#1057,.T.);
#1521=EDGE_CURVE('',#1222,#1193,#979,.T.);
#1522=EDGE_CURVE('',#1222,#1183,#1058,.T.);
#1523=EDGE_CURVE('',#1182,#1223,#1059,.T.);
#1524=EDGE_CURVE('',#1185,#1223,#980,.T.);
#1525=EDGE_CURVE('',#1104,#1222,#215,.T.);
#1526=EDGE_CURVE('',#1192,#1204,#216,.T.);
#1527=EDGE_CURVE('',#1220,#1082,#217,.T.);
#1528=EDGE_CURVE('',#1081,#1105,#218,.T.);
#1529=EDGE_CURVE('',#1186,#1200,#219,.T.);
#1530=EDGE_CURVE('',#1201,#1184,#220,.T.);
#1531=EDGE_CURVE('',#1205,#1191,#221,.T.);
#1532=EDGE_CURVE('',#1160,#1151,#222,.T.);
#1533=EDGE_CURVE('',#1159,#1150,#223,.T.);
#1534=EDGE_CURVE('',#1224,#1225,#224,.T.);
#1535=EDGE_CURVE('',#1214,#1224,#981,.T.);
#1536=EDGE_CURVE('',#1215,#1226,#225,.T.);
#1537=EDGE_CURVE('',#1225,#1226,#982,.T.);
#1538=EDGE_CURVE('',#1207,#1227,#226,.T.);
#1539=EDGE_CURVE('',#1228,#1206,#227,.T.);
#1540=EDGE_CURVE('',#1229,#1228,#983,.T.);
#1541=EDGE_CURVE('',#1227,#1229,#1060,.T.);
#1542=EDGE_CURVE('',#1229,#1230,#228,.T.);
#1543=EDGE_CURVE('',#1231,#1228,#984,.T.);
#1544=EDGE_CURVE('',#1232,#1231,#229,.T.);
#1545=EDGE_CURVE('',#1230,#1232,#985,.T.);
#1546=EDGE_CURVE('',#1233,#1234,#230,.T.);
#1547=EDGE_CURVE('',#1235,#1233,#231,.T.);
#1548=EDGE_CURVE('',#1236,#1235,#232,.T.);
#1549=EDGE_CURVE('',#1237,#1236,#233,.T.);
#1550=EDGE_CURVE('',#1234,#1237,#1061,.T.);
#1551=EDGE_CURVE('',#1238,#1227,#234,.T.);
#1552=EDGE_CURVE('',#1230,#1238,#1062,.T.);
#1553=EDGE_CURVE('',#1196,#1239,#235,.T.);
#1554=EDGE_CURVE('',#1239,#1240,#986,.T.);
#1555=EDGE_CURVE('',#1240,#1197,#236,.T.);
#1556=EDGE_CURVE('',#1241,#1194,#237,.T.);
#1557=EDGE_CURVE('',#1241,#1239,#238,.T.);
#1558=EDGE_CURVE('',#1242,#1241,#987,.T.);
#1559=EDGE_CURVE('',#1195,#1242,#239,.T.);
#1560=EDGE_CURVE('',#1243,#1242,#240,.T.);
#1561=EDGE_CURVE('',#1244,#1238,#241,.T.);
#1562=EDGE_CURVE('',#1243,#1244,#1063,.T.);
#1563=EDGE_CURVE('',#1240,#1245,#242,.T.);
#1564=EDGE_CURVE('',#1246,#1245,#1064,.T.);
#1565=EDGE_CURVE('',#1246,#1247,#243,.T.);
#1566=EDGE_CURVE('',#1247,#1226,#1065,.T.);
#1567=EDGE_CURVE('',#1245,#1243,#988,.T.);
#1568=EDGE_CURVE('',#1248,#1248,#989,.T.);
#1569=EDGE_CURVE('',#1249,#1249,#990,.T.);
#1570=EDGE_CURVE('',#1244,#1246,#991,.T.);
#1571=EDGE_CURVE('',#1231,#1235,#1066,.T.);
#1572=EDGE_CURVE('',#1212,#1250,#992,.F.);
#1573=EDGE_CURVE('',#1236,#1250,#1067,.T.);
#1574=EDGE_CURVE('',#1251,#1213,#993,.F.);
#1575=EDGE_CURVE('',#1252,#1224,#1068,.T.);
#1576=EDGE_CURVE('',#1253,#1252,#244,.T.);
#1577=EDGE_CURVE('',#1251,#1253,#1069,.T.);
#1578=EDGE_CURVE('',#1232,#1233,#994,.T.);
#1579=EDGE_CURVE('',#1254,#1216,#995,.T.);
#1580=EDGE_CURVE('',#1255,#1189,#245,.T.);
#1581=EDGE_CURVE('',#1254,#1255,#1070,.T.);
#1582=EDGE_CURVE('',#1256,#1188,#246,.T.);
#1583=EDGE_CURVE('',#1257,#1256,#1071,.T.);
#1584=EDGE_CURVE('',#1257,#1255,#1072,.F.);
#1585=EDGE_CURVE('',#1217,#1258,#996,.T.);
#1586=EDGE_CURVE('',#1258,#1256,#1073,.F.);
#1587=EDGE_CURVE('',#1259,#1260,#247,.T.);
#1588=EDGE_CURVE('',#1261,#1260,#248,.T.);
#1589=EDGE_CURVE('',#1262,#1261,#1074,.T.);
#1590=EDGE_CURVE('',#1253,#1262,#249,.T.);
#1591=EDGE_CURVE('',#1263,#1252,#250,.T.);
#1592=EDGE_CURVE('',#1264,#1263,#251,.T.);
#1593=EDGE_CURVE('',#1264,#1265,#252,.T.);
#1594=EDGE_CURVE('',#1265,#1259,#253,.T.);
#1595=EDGE_CURVE('',#1266,#1251,#254,.T.);
#1596=EDGE_CURVE('',#1258,#1266,#997,.T.);
#1597=EDGE_CURVE('',#1267,#1254,#998,.T.);
#1598=EDGE_CURVE('',#1250,#1267,#255,.T.);
#1599=EDGE_CURVE('',#1267,#1268,#1075,.T.);
#1600=EDGE_CURVE('',#1257,#1268,#999,.T.);
#1601=EDGE_CURVE('',#1269,#1232,#1000,.T.);
#1602=EDGE_CURVE('',#1269,#1238,#1001,.T.);
#1603=EDGE_CURVE('',#1268,#1234,#1002,.T.);
#1604=EDGE_CURVE('',#1267,#1237,#1003,.T.);
#1605=EDGE_CURVE('',#1233,#1269,#1004,.T.);
#1606=EDGE_CURVE('',#1263,#1225,#1005,.T.);
#1607=EDGE_CURVE('',#1225,#1270,#1006,.T.);
#1608=EDGE_CURVE('',#1247,#1270,#1007,.T.);
#1609=EDGE_CURVE('',#1271,#1266,#1076,.T.);
#1610=EDGE_CURVE('',#1271,#1257,#1008,.T.);
#1611=EDGE_CURVE('',#1266,#1262,#1009,.T.);
#1612=EDGE_CURVE('',#1271,#1261,#1010,.T.);
#1613=EDGE_CURVE('',#1263,#1270,#1011,.T.);
#1614=EDGE_CURVE('',#1272,#1272,#1012,.T.);
#1615=EDGE_CURVE('',#1249,#1272,#256,.T.);
#1616=EDGE_CURVE('',#1273,#1273,#1013,.T.);
#1617=EDGE_CURVE('',#1248,#1273,#257,.T.);
#1618=EDGE_CURVE('',#1158,#1149,#258,.T.);
#1619=EDGE_CURVE('',#1157,#1148,#259,.T.);
#1620=EDGE_CURVE('',#1083,#1218,#260,.T.);
#1621=EDGE_CURVE('',#1219,#1084,#261,.T.);
#1622=EDGE_CURVE('',#1223,#1101,#262,.T.);
#1623=EDGE_CURVE('',#1085,#1221,#263,.T.);
#1624=EDGE_CURVE('',#1100,#1086,#264,.T.);
#1625=EDGE_CURVE('',#1260,#1274,#1014,.T.);
#1626=EDGE_CURVE('',#1274,#1271,#265,.T.);
#1627=EDGE_CURVE('',#1275,#1264,#1015,.T.);
#1628=EDGE_CURVE('',#1270,#1275,#266,.T.);
#1629=EDGE_CURVE('',#1274,#1276,#1016,.T.);
#1630=EDGE_CURVE('',#1276,#1277,#1017,.T.);
#1631=EDGE_CURVE('',#1268,#1277,#267,.T.);
#1632=EDGE_CURVE('',#1278,#1279,#1018,.T.);
#1633=EDGE_CURVE('',#1279,#1275,#1019,.T.);
#1634=EDGE_CURVE('',#1278,#1269,#268,.T.);
#1635=EDGE_CURVE('',#1277,#1280,#1020,.T.);
#1636=EDGE_CURVE('',#1280,#1281,#269,.T.);
#1637=EDGE_CURVE('',#1281,#1278,#1021,.T.);
#1638=EDGE_CURVE('',#1281,#1282,#1022,.T.);
#1639=EDGE_CURVE('',#1282,#1279,#270,.T.);
#1640=EDGE_CURVE('',#1283,#1280,#1023,.T.);
#1641=EDGE_CURVE('',#1283,#1282,#271,.T.);
#1642=EDGE_CURVE('',#1284,#1276,#272,.T.);
#1643=EDGE_CURVE('',#1284,#1285,#273,.T.);
#1644=EDGE_CURVE('',#1279,#1285,#274,.T.);
#1645=EDGE_CURVE('',#1276,#1283,#275,.T.);
#1646=EDGE_CURVE('',#1285,#1265,#1024,.T.);
#1647=EDGE_CURVE('',#1259,#1284,#1025,.T.);
#1648=EDGE_CURVE('',#1090,#1095,#276,.T.);
#1649=EDGE_CURVE('',#1286,#1287,#1026,.T.);
#1650=EDGE_CURVE('',#1287,#1288,#277,.T.);
#1651=EDGE_CURVE('',#1288,#1289,#1027,.T.);
#1652=EDGE_CURVE('',#1289,#1286,#278,.T.);
#1653=EDGE_CURVE('',#1287,#1290,#279,.T.);
#1654=EDGE_CURVE('',#1290,#1291,#280,.T.);
#1655=EDGE_CURVE('',#1291,#1288,#281,.T.);
#1656=EDGE_CURVE('',#1096,#1286,#282,.T.);
#1657=EDGE_CURVE('',#1290,#1090,#283,.T.);
#1658=EDGE_CURVE('',#1292,#1292,#1028,.T.);
#1659=EDGE_CURVE('',#1087,#1099,#284,.T.);
#1660=EDGE_CURVE('',#1098,#1088,#285,.T.);
#1661=EDGE_CURVE('',#1292,#1293,#286,.T.);
#1662=EDGE_CURVE('',#1293,#1293,#1029,.T.);
#1663=EDGE_CURVE('',#1089,#1291,#287,.T.);
#1664=EDGE_CURVE('',#1097,#1289,#288,.T.);
#1665=EDGE_CURVE('',#1294,#1295,#289,.T.);
#1666=EDGE_CURVE('',#1294,#1296,#290,.T.);
#1667=EDGE_CURVE('',#1296,#1297,#291,.T.);
#1668=EDGE_CURVE('',#1297,#1295,#292,.T.);
#1669=EDGE_CURVE('',#1298,#1297,#293,.T.);
#1670=EDGE_CURVE('',#1299,#1296,#294,.T.);
#1671=EDGE_CURVE('',#1298,#1299,#295,.T.);
#1672=EDGE_CURVE('',#1300,#1300,#1030,.T.);
#1673=EDGE_CURVE('',#1300,#1301,#296,.T.);
#1674=EDGE_CURVE('',#1301,#1301,#1031,.T.);
#1675=EDGE_CURVE('',#1302,#1294,#1032,.T.);
#1676=EDGE_CURVE('',#1303,#1302,#297,.T.);
#1677=EDGE_CURVE('',#1303,#1304,#298,.T.);
#1678=EDGE_CURVE('',#1305,#1304,#299,.T.);
#1679=EDGE_CURVE('',#1299,#1305,#300,.T.);
#1680=EDGE_CURVE('',#1306,#1305,#1033,.T.);
#1681=EDGE_CURVE('',#1304,#1307,#1034,.T.);
#1682=EDGE_CURVE('',#1307,#1306,#301,.T.);
#1683=EDGE_CURVE('',#1295,#1308,#1035,.T.);
#1684=EDGE_CURVE('',#1309,#1298,#302,.T.);
#1685=EDGE_CURVE('',#1310,#1309,#303,.T.);
#1686=EDGE_CURVE('',#1308,#1310,#304,.T.);
#1687=EDGE_CURVE('',#1308,#1302,#305,.T.);
#1688=EDGE_CURVE('',#1310,#1303,#306,.T.);
#1689=EDGE_CURVE('',#1311,#1312,#307,.T.);
#1690=EDGE_CURVE('',#1313,#1311,#308,.T.);
#1691=EDGE_CURVE('',#1313,#1314,#309,.T.);
#1692=EDGE_CURVE('',#1312,#1314,#310,.T.);
#1693=EDGE_CURVE('',#1315,#1313,#1036,.T.);
#1694=EDGE_CURVE('',#1315,#1316,#311,.T.);
#1695=EDGE_CURVE('',#1309,#1316,#1037,.T.);
#1696=EDGE_CURVE('',#1317,#1298,#1038,.T.);
#1697=EDGE_CURVE('',#1317,#1318,#312,.T.);
#1698=EDGE_CURVE('',#1314,#1318,#1039,.T.);
#1699=EDGE_CURVE('',#1316,#1319,#313,.T.);
#1700=EDGE_CURVE('',#1319,#1307,#1040,.T.);
#1701=EDGE_CURVE('',#1315,#1320,#314,.T.);
#1702=EDGE_CURVE('',#1319,#1320,#315,.T.);
#1703=EDGE_CURVE('',#1321,#1322,#316,.T.);
#1704=EDGE_CURVE('',#1321,#1320,#1041,.T.);
#1705=EDGE_CURVE('',#1311,#1322,#1042,.T.);
#1706=EDGE_CURVE('',#1323,#1323,#1043,.T.);
#1707=EDGE_CURVE('',#1324,#1324,#1044,.T.);
#1708=EDGE_CURVE('',#1324,#1323,#317,.T.);
#1709=EDGE_CURVE('',#1306,#1325,#1045,.T.);
#1710=EDGE_CURVE('',#1325,#1317,#318,.T.);
#1711=EDGE_CURVE('',#1326,#1325,#319,.T.);
#1712=EDGE_CURVE('',#1326,#1318,#320,.T.);
#1713=EDGE_CURVE('',#1327,#1312,#1046,.T.);
#1714=EDGE_CURVE('',#1327,#1322,#321,.T.);
#1715=EDGE_CURVE('',#1327,#1328,#322,.T.);
#1716=EDGE_CURVE('',#1326,#1328,#1047,.T.);
#1717=EDGE_CURVE('',#1328,#1321,#323,.T.);
#1718=ORIENTED_EDGE('',*,*,#1329,.F.);
#1719=ORIENTED_EDGE('',*,*,#1330,.F.);
#1720=ORIENTED_EDGE('',*,*,#1331,.T.);
#1721=ORIENTED_EDGE('',*,*,#1332,.T.);
#1722=ORIENTED_EDGE('',*,*,#1332,.F.);
#1723=ORIENTED_EDGE('',*,*,#1333,.T.);
#1724=ORIENTED_EDGE('',*,*,#1334,.F.);
#1725=ORIENTED_EDGE('',*,*,#1335,.F.);
#1726=ORIENTED_EDGE('',*,*,#1336,.F.);
#1727=ORIENTED_EDGE('',*,*,#1337,.F.);
#1728=ORIENTED_EDGE('',*,*,#1338,.F.);
#1729=ORIENTED_EDGE('',*,*,#1339,.T.);
#1730=ORIENTED_EDGE('',*,*,#1340,.F.);
#1731=ORIENTED_EDGE('',*,*,#1341,.T.);
#1732=ORIENTED_EDGE('',*,*,#1342,.T.);
#1733=ORIENTED_EDGE('',*,*,#1343,.T.);
#1734=ORIENTED_EDGE('',*,*,#1344,.F.);
#1735=ORIENTED_EDGE('',*,*,#1345,.F.);
#1736=ORIENTED_EDGE('',*,*,#1346,.T.);
#1737=ORIENTED_EDGE('',*,*,#1347,.T.);
#1738=ORIENTED_EDGE('',*,*,#1347,.F.);
#1739=ORIENTED_EDGE('',*,*,#1348,.T.);
#1740=ORIENTED_EDGE('',*,*,#1349,.T.);
#1741=ORIENTED_EDGE('',*,*,#1350,.F.);
#1742=ORIENTED_EDGE('',*,*,#1351,.T.);
#1743=ORIENTED_EDGE('',*,*,#1352,.F.);
#1744=ORIENTED_EDGE('',*,*,#1353,.T.);
#1745=ORIENTED_EDGE('',*,*,#1354,.F.);
#1746=ORIENTED_EDGE('',*,*,#1355,.F.);
#1747=ORIENTED_EDGE('',*,*,#1356,.F.);
#1748=ORIENTED_EDGE('',*,*,#1357,.F.);
#1749=ORIENTED_EDGE('',*,*,#1358,.F.);
#1750=ORIENTED_EDGE('',*,*,#1359,.T.);
#1751=ORIENTED_EDGE('',*,*,#1360,.F.);
#1752=ORIENTED_EDGE('',*,*,#1361,.T.);
#1753=ORIENTED_EDGE('',*,*,#1362,.F.);
#1754=ORIENTED_EDGE('',*,*,#1361,.F.);
#1755=ORIENTED_EDGE('',*,*,#1363,.F.);
#1756=ORIENTED_EDGE('',*,*,#1364,.T.);
#1757=ORIENTED_EDGE('',*,*,#1365,.F.);
#1758=ORIENTED_EDGE('',*,*,#1364,.F.);
#1759=ORIENTED_EDGE('',*,*,#1366,.F.);
#1760=ORIENTED_EDGE('',*,*,#1367,.F.);
#1761=ORIENTED_EDGE('',*,*,#1368,.F.);
#1762=ORIENTED_EDGE('',*,*,#1365,.T.);
#1763=ORIENTED_EDGE('',*,*,#1369,.F.);
#1764=ORIENTED_EDGE('',*,*,#1370,.F.);
#1765=ORIENTED_EDGE('',*,*,#1371,.F.);
#1766=ORIENTED_EDGE('',*,*,#1360,.T.);
#1767=ORIENTED_EDGE('',*,*,#1372,.F.);
#1768=ORIENTED_EDGE('',*,*,#1371,.T.);
#1769=ORIENTED_EDGE('',*,*,#1373,.T.);
#1770=ORIENTED_EDGE('',*,*,#1367,.T.);
#1771=ORIENTED_EDGE('',*,*,#1374,.T.);
#1772=ORIENTED_EDGE('',*,*,#1370,.T.);
#1773=ORIENTED_EDGE('',*,*,#1375,.T.);
#1774=ORIENTED_EDGE('',*,*,#1376,.F.);
#1775=ORIENTED_EDGE('',*,*,#1377,.T.);
#1776=ORIENTED_EDGE('',*,*,#1378,.F.);
#1777=ORIENTED_EDGE('',*,*,#1379,.T.);
#1778=ORIENTED_EDGE('',*,*,#1368,.T.);
#1779=ORIENTED_EDGE('',*,*,#1378,.T.);
#1780=ORIENTED_EDGE('',*,*,#1330,.T.);
#1781=ORIENTED_EDGE('',*,*,#1380,.T.);
#1782=ORIENTED_EDGE('',*,*,#1363,.T.);
#1783=ORIENTED_EDGE('',*,*,#1345,.T.);
#1784=ORIENTED_EDGE('',*,*,#1376,.T.);
#1785=ORIENTED_EDGE('',*,*,#1381,.T.);
#1786=ORIENTED_EDGE('',*,*,#1362,.T.);
#1787=ORIENTED_EDGE('',*,*,#1382,.T.);
#1788=ORIENTED_EDGE('',*,*,#1383,.F.);
#1789=ORIENTED_EDGE('',*,*,#1384,.T.);
#1790=ORIENTED_EDGE('',*,*,#1385,.T.);
#1791=ORIENTED_EDGE('',*,*,#1386,.T.);
#1792=ORIENTED_EDGE('',*,*,#1384,.F.);
#1793=ORIENTED_EDGE('',*,*,#1387,.F.);
#1794=ORIENTED_EDGE('',*,*,#1388,.F.);
#1795=ORIENTED_EDGE('',*,*,#1389,.F.);
#1796=ORIENTED_EDGE('',*,*,#1390,.F.);
#1797=ORIENTED_EDGE('',*,*,#1391,.T.);
#1798=ORIENTED_EDGE('',*,*,#1392,.T.);
#1799=ORIENTED_EDGE('',*,*,#1393,.F.);
#1800=ORIENTED_EDGE('',*,*,#1392,.F.);
#1801=ORIENTED_EDGE('',*,*,#1394,.T.);
#1802=ORIENTED_EDGE('',*,*,#1395,.T.);
#1803=ORIENTED_EDGE('',*,*,#1396,.F.);
#1804=ORIENTED_EDGE('',*,*,#1397,.T.);
#1805=ORIENTED_EDGE('',*,*,#1390,.T.);
#1806=ORIENTED_EDGE('',*,*,#1398,.F.);
#1807=ORIENTED_EDGE('',*,*,#1399,.F.);
#1808=ORIENTED_EDGE('',*,*,#1400,.T.);
#1809=ORIENTED_EDGE('',*,*,#1401,.T.);
#1810=ORIENTED_EDGE('',*,*,#1402,.F.);
#1811=ORIENTED_EDGE('',*,*,#1403,.T.);
#1812=ORIENTED_EDGE('',*,*,#1404,.F.);
#1813=ORIENTED_EDGE('',*,*,#1399,.T.);
#1814=ORIENTED_EDGE('',*,*,#1405,.T.);
#1815=ORIENTED_EDGE('',*,*,#1406,.F.);
#1816=ORIENTED_EDGE('',*,*,#1407,.F.);
#1817=ORIENTED_EDGE('',*,*,#1385,.F.);
#1818=ORIENTED_EDGE('',*,*,#1386,.F.);
#1819=ORIENTED_EDGE('',*,*,#1408,.F.);
#1820=ORIENTED_EDGE('',*,*,#1409,.F.);
#1821=ORIENTED_EDGE('',*,*,#1410,.F.);
#1822=ORIENTED_EDGE('',*,*,#1411,.F.);
#1823=ORIENTED_EDGE('',*,*,#1412,.F.);
#1824=ORIENTED_EDGE('',*,*,#1413,.F.);
#1825=ORIENTED_EDGE('',*,*,#1414,.F.);
#1826=ORIENTED_EDGE('',*,*,#1415,.F.);
#1827=ORIENTED_EDGE('',*,*,#1416,.F.);
#1828=ORIENTED_EDGE('',*,*,#1398,.T.);
#1829=ORIENTED_EDGE('',*,*,#1389,.T.);
#1830=ORIENTED_EDGE('',*,*,#1393,.T.);
#1831=ORIENTED_EDGE('',*,*,#1417,.F.);
#1832=ORIENTED_EDGE('',*,*,#1418,.T.);
#1833=ORIENTED_EDGE('',*,*,#1419,.T.);
#1834=ORIENTED_EDGE('',*,*,#1420,.F.);
#1835=ORIENTED_EDGE('',*,*,#1421,.F.);
#1836=ORIENTED_EDGE('',*,*,#1387,.T.);
#1837=ORIENTED_EDGE('',*,*,#1383,.T.);
#1838=ORIENTED_EDGE('',*,*,#1422,.F.);
#1839=ORIENTED_EDGE('',*,*,#1423,.T.);
#1840=ORIENTED_EDGE('',*,*,#1394,.F.);
#1841=ORIENTED_EDGE('',*,*,#1391,.F.);
#1842=ORIENTED_EDGE('',*,*,#1397,.F.);
#1843=ORIENTED_EDGE('',*,*,#1424,.T.);
#1844=ORIENTED_EDGE('',*,*,#1425,.F.);
#1845=ORIENTED_EDGE('',*,*,#1426,.F.);
#1846=ORIENTED_EDGE('',*,*,#1427,.T.);
#1847=ORIENTED_EDGE('',*,*,#1428,.T.);
#1848=ORIENTED_EDGE('',*,*,#1429,.T.);
#1849=ORIENTED_EDGE('',*,*,#1430,.T.);
#1850=ORIENTED_EDGE('',*,*,#1431,.T.);
#1851=ORIENTED_EDGE('',*,*,#1432,.T.);
#1852=ORIENTED_EDGE('',*,*,#1382,.F.);
#1853=ORIENTED_EDGE('',*,*,#1407,.T.);
#1854=ORIENTED_EDGE('',*,*,#1433,.T.);
#1855=ORIENTED_EDGE('',*,*,#1422,.T.);
#1856=ORIENTED_EDGE('',*,*,#1401,.F.);
#1857=ORIENTED_EDGE('',*,*,#1434,.T.);
#1858=ORIENTED_EDGE('',*,*,#1435,.T.);
#1859=ORIENTED_EDGE('',*,*,#1436,.T.);
#1860=ORIENTED_EDGE('',*,*,#1437,.F.);
#1861=ORIENTED_EDGE('',*,*,#1438,.T.);
#1862=ORIENTED_EDGE('',*,*,#1439,.T.);
#1863=ORIENTED_EDGE('',*,*,#1440,.F.);
#1864=ORIENTED_EDGE('',*,*,#1441,.F.);
#1865=ORIENTED_EDGE('',*,*,#1439,.F.);
#1866=ORIENTED_EDGE('',*,*,#1442,.T.);
#1867=ORIENTED_EDGE('',*,*,#1443,.T.);
#1868=ORIENTED_EDGE('',*,*,#1444,.T.);
#1869=ORIENTED_EDGE('',*,*,#1444,.F.);
#1870=ORIENTED_EDGE('',*,*,#1445,.T.);
#1871=ORIENTED_EDGE('',*,*,#1403,.F.);
#1872=ORIENTED_EDGE('',*,*,#1402,.T.);
#1873=ORIENTED_EDGE('',*,*,#1440,.T.);
#1874=ORIENTED_EDGE('',*,*,#1441,.T.);
#1875=ORIENTED_EDGE('',*,*,#1437,.T.);
#1876=ORIENTED_EDGE('',*,*,#1446,.T.);
#1877=ORIENTED_EDGE('',*,*,#1447,.F.);
#1878=ORIENTED_EDGE('',*,*,#1448,.T.);
#1879=ORIENTED_EDGE('',*,*,#1438,.F.);
#1880=ORIENTED_EDGE('',*,*,#1448,.F.);
#1881=ORIENTED_EDGE('',*,*,#1449,.T.);
#1882=ORIENTED_EDGE('',*,*,#1442,.F.);
#1883=ORIENTED_EDGE('',*,*,#1424,.F.);
#1884=ORIENTED_EDGE('',*,*,#1396,.T.);
#1885=ORIENTED_EDGE('',*,*,#1416,.T.);
#1886=ORIENTED_EDGE('',*,*,#1450,.F.);
#1887=ORIENTED_EDGE('',*,*,#1443,.F.);
#1888=ORIENTED_EDGE('',*,*,#1451,.T.);
#1889=ORIENTED_EDGE('',*,*,#1412,.T.);
#1890=ORIENTED_EDGE('',*,*,#1452,.T.);
#1891=ORIENTED_EDGE('',*,*,#1417,.T.);
#1892=ORIENTED_EDGE('',*,*,#1395,.F.);
#1893=ORIENTED_EDGE('',*,*,#1423,.F.);
#1894=ORIENTED_EDGE('',*,*,#1433,.F.);
#1895=ORIENTED_EDGE('',*,*,#1408,.T.);
#1896=ORIENTED_EDGE('',*,*,#1388,.T.);
#1897=ORIENTED_EDGE('',*,*,#1428,.F.);
#1898=ORIENTED_EDGE('',*,*,#1453,.F.);
#1899=ORIENTED_EDGE('',*,*,#1454,.F.);
#1900=ORIENTED_EDGE('',*,*,#1455,.T.);
#1901=ORIENTED_EDGE('',*,*,#1456,.F.);
#1902=ORIENTED_EDGE('',*,*,#1457,.F.);
#1903=ORIENTED_EDGE('',*,*,#1409,.T.);
#1904=ORIENTED_EDGE('',*,*,#1453,.T.);
#1905=ORIENTED_EDGE('',*,*,#1427,.F.);
#1906=ORIENTED_EDGE('',*,*,#1457,.T.);
#1907=ORIENTED_EDGE('',*,*,#1458,.T.);
#1908=ORIENTED_EDGE('',*,*,#1459,.T.);
#1909=ORIENTED_EDGE('',*,*,#1410,.T.);
#1910=ORIENTED_EDGE('',*,*,#1459,.F.);
#1911=ORIENTED_EDGE('',*,*,#1460,.F.);
#1912=ORIENTED_EDGE('',*,*,#1405,.F.);
#1913=ORIENTED_EDGE('',*,*,#1445,.F.);
#1914=ORIENTED_EDGE('',*,*,#1452,.F.);
#1915=ORIENTED_EDGE('',*,*,#1411,.T.);
#1916=ORIENTED_EDGE('',*,*,#1461,.F.);
#1917=ORIENTED_EDGE('',*,*,#1462,.F.);
#1918=ORIENTED_EDGE('',*,*,#1463,.T.);
#1919=ORIENTED_EDGE('',*,*,#1447,.T.);
#1920=ORIENTED_EDGE('',*,*,#1464,.F.);
#1921=ORIENTED_EDGE('',*,*,#1413,.T.);
#1922=ORIENTED_EDGE('',*,*,#1451,.F.);
#1923=ORIENTED_EDGE('',*,*,#1449,.F.);
#1924=ORIENTED_EDGE('',*,*,#1463,.F.);
#1925=ORIENTED_EDGE('',*,*,#1465,.F.);
#1926=ORIENTED_EDGE('',*,*,#1464,.T.);
#1927=ORIENTED_EDGE('',*,*,#1466,.T.);
#1928=ORIENTED_EDGE('',*,*,#1467,.T.);
#1929=ORIENTED_EDGE('',*,*,#1414,.T.);
#1930=ORIENTED_EDGE('',*,*,#1468,.T.);
#1931=ORIENTED_EDGE('',*,*,#1469,.T.);
#1932=ORIENTED_EDGE('',*,*,#1470,.T.);
#1933=ORIENTED_EDGE('',*,*,#1425,.T.);
#1934=ORIENTED_EDGE('',*,*,#1450,.T.);
#1935=ORIENTED_EDGE('',*,*,#1415,.T.);
#1936=ORIENTED_EDGE('',*,*,#1467,.F.);
#1937=ORIENTED_EDGE('',*,*,#1356,.T.);
#1938=ORIENTED_EDGE('',*,*,#1471,.T.);
#1939=ORIENTED_EDGE('',*,*,#1472,.T.);
#1940=ORIENTED_EDGE('',*,*,#1473,.T.);
#1941=ORIENTED_EDGE('',*,*,#1474,.F.);
#1942=ORIENTED_EDGE('',*,*,#1475,.T.);
#1943=ORIENTED_EDGE('',*,*,#1476,.T.);
#1944=ORIENTED_EDGE('',*,*,#1477,.T.);
#1945=ORIENTED_EDGE('',*,*,#1468,.F.);
#1946=ORIENTED_EDGE('',*,*,#1466,.F.);
#1947=ORIENTED_EDGE('',*,*,#1465,.T.);
#1948=ORIENTED_EDGE('',*,*,#1462,.T.);
#1949=ORIENTED_EDGE('',*,*,#1478,.F.);
#1950=ORIENTED_EDGE('',*,*,#1479,.F.);
#1951=ORIENTED_EDGE('',*,*,#1480,.F.);
#1952=ORIENTED_EDGE('',*,*,#1406,.T.);
#1953=ORIENTED_EDGE('',*,*,#1460,.T.);
#1954=ORIENTED_EDGE('',*,*,#1458,.F.);
#1955=ORIENTED_EDGE('',*,*,#1456,.T.);
#1956=ORIENTED_EDGE('',*,*,#1481,.T.);
#1957=ORIENTED_EDGE('',*,*,#1482,.T.);
#1958=ORIENTED_EDGE('',*,*,#1483,.T.);
#1959=ORIENTED_EDGE('',*,*,#1484,.F.);
#1960=ORIENTED_EDGE('',*,*,#1485,.T.);
#1961=ORIENTED_EDGE('',*,*,#1486,.F.);
#1962=ORIENTED_EDGE('',*,*,#1487,.T.);
#1963=ORIENTED_EDGE('',*,*,#1488,.F.);
#1964=ORIENTED_EDGE('',*,*,#1489,.T.);
#1965=ORIENTED_EDGE('',*,*,#1490,.T.);
#1966=ORIENTED_EDGE('',*,*,#1491,.T.);
#1967=ORIENTED_EDGE('',*,*,#1492,.T.);
#1968=ORIENTED_EDGE('',*,*,#1493,.F.);
#1969=ORIENTED_EDGE('',*,*,#1494,.T.);
#1970=ORIENTED_EDGE('',*,*,#1495,.F.);
#1971=ORIENTED_EDGE('',*,*,#1496,.T.);
#1972=ORIENTED_EDGE('',*,*,#1497,.T.);
#1973=ORIENTED_EDGE('',*,*,#1498,.T.);
#1974=ORIENTED_EDGE('',*,*,#1499,.T.);
#1975=ORIENTED_EDGE('',*,*,#1500,.F.);
#1976=ORIENTED_EDGE('',*,*,#1501,.F.);
#1977=ORIENTED_EDGE('',*,*,#1502,.T.);
#1978=ORIENTED_EDGE('',*,*,#1503,.T.);
#1979=ORIENTED_EDGE('',*,*,#1500,.T.);
#1980=ORIENTED_EDGE('',*,*,#1503,.F.);
#1981=ORIENTED_EDGE('',*,*,#1504,.T.);
#1982=ORIENTED_EDGE('',*,*,#1505,.T.);
#1983=ORIENTED_EDGE('',*,*,#1501,.T.);
#1984=ORIENTED_EDGE('',*,*,#1505,.F.);
#1985=ORIENTED_EDGE('',*,*,#1481,.F.);
#1986=ORIENTED_EDGE('',*,*,#1455,.F.);
#1987=ORIENTED_EDGE('',*,*,#1506,.F.);
#1988=ORIENTED_EDGE('',*,*,#1507,.F.);
#1989=ORIENTED_EDGE('',*,*,#1477,.F.);
#1990=ORIENTED_EDGE('',*,*,#1508,.F.);
#1991=ORIENTED_EDGE('',*,*,#1509,.F.);
#1992=ORIENTED_EDGE('',*,*,#1469,.F.);
#1993=ORIENTED_EDGE('',*,*,#1510,.F.);
#1994=ORIENTED_EDGE('',*,*,#1511,.F.);
#1995=ORIENTED_EDGE('',*,*,#1490,.F.);
#1996=ORIENTED_EDGE('',*,*,#1512,.F.);
#1997=ORIENTED_EDGE('',*,*,#1513,.T.);
#1998=ORIENTED_EDGE('',*,*,#1514,.T.);
#1999=ORIENTED_EDGE('',*,*,#1435,.F.);
#2000=ORIENTED_EDGE('',*,*,#1515,.F.);
#2001=ORIENTED_EDGE('',*,*,#1516,.F.);
#2002=ORIENTED_EDGE('',*,*,#1517,.T.);
#2003=ORIENTED_EDGE('',*,*,#1518,.F.);
#2004=ORIENTED_EDGE('',*,*,#1494,.F.);
#2005=ORIENTED_EDGE('',*,*,#1519,.F.);
#2006=ORIENTED_EDGE('',*,*,#1520,.T.);
#2007=ORIENTED_EDGE('',*,*,#1521,.F.);
#2008=ORIENTED_EDGE('',*,*,#1522,.T.);
#2009=ORIENTED_EDGE('',*,*,#1472,.F.);
#2010=ORIENTED_EDGE('',*,*,#1523,.T.);
#2011=ORIENTED_EDGE('',*,*,#1524,.F.);
#2012=ORIENTED_EDGE('',*,*,#1485,.F.);
#2013=ORIENTED_EDGE('',*,*,#1358,.T.);
#2014=ORIENTED_EDGE('',*,*,#1525,.T.);
#2015=ORIENTED_EDGE('',*,*,#1521,.T.);
#2016=ORIENTED_EDGE('',*,*,#1484,.T.);
#2017=ORIENTED_EDGE('',*,*,#1526,.T.);
#2018=ORIENTED_EDGE('',*,*,#1495,.T.);
#2019=ORIENTED_EDGE('',*,*,#1518,.T.);
#2020=ORIENTED_EDGE('',*,*,#1527,.T.);
#2021=ORIENTED_EDGE('',*,*,#1334,.T.);
#2022=ORIENTED_EDGE('',*,*,#1528,.T.);
#2023=ORIENTED_EDGE('',*,*,#1357,.T.);
#2024=ORIENTED_EDGE('',*,*,#1473,.F.);
#2025=ORIENTED_EDGE('',*,*,#1522,.F.);
#2026=ORIENTED_EDGE('',*,*,#1525,.F.);
#2027=ORIENTED_EDGE('',*,*,#1492,.F.);
#2028=ORIENTED_EDGE('',*,*,#1529,.F.);
#2029=ORIENTED_EDGE('',*,*,#1475,.F.);
#2030=ORIENTED_EDGE('',*,*,#1530,.F.);
#2031=ORIENTED_EDGE('',*,*,#1483,.F.);
#2032=ORIENTED_EDGE('',*,*,#1531,.F.);
#2033=ORIENTED_EDGE('',*,*,#1496,.F.);
#2034=ORIENTED_EDGE('',*,*,#1526,.F.);
#2035=ORIENTED_EDGE('',*,*,#1432,.F.);
#2036=ORIENTED_EDGE('',*,*,#1532,.T.);
#2037=ORIENTED_EDGE('',*,*,#1421,.T.);
#2038=ORIENTED_EDGE('',*,*,#1532,.F.);
#2039=ORIENTED_EDGE('',*,*,#1431,.F.);
#2040=ORIENTED_EDGE('',*,*,#1533,.T.);
#2041=ORIENTED_EDGE('',*,*,#1420,.T.);
#2042=ORIENTED_EDGE('',*,*,#1533,.F.);
#2043=ORIENTED_EDGE('',*,*,#1534,.F.);
#2044=ORIENTED_EDGE('',*,*,#1535,.F.);
#2045=ORIENTED_EDGE('',*,*,#1510,.T.);
#2046=ORIENTED_EDGE('',*,*,#1536,.T.);
#2047=ORIENTED_EDGE('',*,*,#1537,.F.);
#2048=ORIENTED_EDGE('',*,*,#1538,.F.);
#2049=ORIENTED_EDGE('',*,*,#1498,.F.);
#2050=ORIENTED_EDGE('',*,*,#1539,.F.);
#2051=ORIENTED_EDGE('',*,*,#1540,.F.);
#2052=ORIENTED_EDGE('',*,*,#1541,.F.);
#2053=ORIENTED_EDGE('',*,*,#1542,.F.);
#2054=ORIENTED_EDGE('',*,*,#1540,.T.);
#2055=ORIENTED_EDGE('',*,*,#1543,.F.);
#2056=ORIENTED_EDGE('',*,*,#1544,.F.);
#2057=ORIENTED_EDGE('',*,*,#1545,.F.);
#2058=ORIENTED_EDGE('',*,*,#1546,.F.);
#2059=ORIENTED_EDGE('',*,*,#1547,.F.);
#2060=ORIENTED_EDGE('',*,*,#1548,.F.);
#2061=ORIENTED_EDGE('',*,*,#1549,.F.);
#2062=ORIENTED_EDGE('',*,*,#1550,.F.);
#2063=ORIENTED_EDGE('',*,*,#1551,.T.);
#2064=ORIENTED_EDGE('',*,*,#1541,.T.);
#2065=ORIENTED_EDGE('',*,*,#1542,.T.);
#2066=ORIENTED_EDGE('',*,*,#1552,.T.);
#2067=ORIENTED_EDGE('',*,*,#1488,.T.);
#2068=ORIENTED_EDGE('',*,*,#1553,.T.);
#2069=ORIENTED_EDGE('',*,*,#1554,.T.);
#2070=ORIENTED_EDGE('',*,*,#1555,.T.);
#2071=ORIENTED_EDGE('',*,*,#1556,.F.);
#2072=ORIENTED_EDGE('',*,*,#1557,.T.);
#2073=ORIENTED_EDGE('',*,*,#1553,.F.);
#2074=ORIENTED_EDGE('',*,*,#1487,.F.);
#2075=ORIENTED_EDGE('',*,*,#1558,.T.);
#2076=ORIENTED_EDGE('',*,*,#1556,.T.);
#2077=ORIENTED_EDGE('',*,*,#1486,.T.);
#2078=ORIENTED_EDGE('',*,*,#1559,.T.);
#2079=ORIENTED_EDGE('',*,*,#1560,.T.);
#2080=ORIENTED_EDGE('',*,*,#1559,.F.);
#2081=ORIENTED_EDGE('',*,*,#1499,.F.);
#2082=ORIENTED_EDGE('',*,*,#1538,.T.);
#2083=ORIENTED_EDGE('',*,*,#1551,.F.);
#2084=ORIENTED_EDGE('',*,*,#1561,.F.);
#2085=ORIENTED_EDGE('',*,*,#1562,.F.);
#2086=ORIENTED_EDGE('',*,*,#1563,.T.);
#2087=ORIENTED_EDGE('',*,*,#1564,.F.);
#2088=ORIENTED_EDGE('',*,*,#1565,.T.);
#2089=ORIENTED_EDGE('',*,*,#1566,.T.);
#2090=ORIENTED_EDGE('',*,*,#1536,.F.);
#2091=ORIENTED_EDGE('',*,*,#1512,.T.);
#2092=ORIENTED_EDGE('',*,*,#1489,.F.);
#2093=ORIENTED_EDGE('',*,*,#1555,.F.);
#2094=ORIENTED_EDGE('',*,*,#1567,.F.);
#2095=ORIENTED_EDGE('',*,*,#1563,.F.);
#2096=ORIENTED_EDGE('',*,*,#1554,.F.);
#2097=ORIENTED_EDGE('',*,*,#1557,.F.);
#2098=ORIENTED_EDGE('',*,*,#1558,.F.);
#2099=ORIENTED_EDGE('',*,*,#1560,.F.);
#2100=ORIENTED_EDGE('',*,*,#1568,.T.);
#2101=ORIENTED_EDGE('',*,*,#1569,.T.);
#2102=ORIENTED_EDGE('',*,*,#1564,.T.);
#2103=ORIENTED_EDGE('',*,*,#1567,.T.);
#2104=ORIENTED_EDGE('',*,*,#1562,.T.);
#2105=ORIENTED_EDGE('',*,*,#1570,.T.);
#2106=ORIENTED_EDGE('',*,*,#1548,.T.);
#2107=ORIENTED_EDGE('',*,*,#1571,.F.);
#2108=ORIENTED_EDGE('',*,*,#1543,.T.);
#2109=ORIENTED_EDGE('',*,*,#1539,.T.);
#2110=ORIENTED_EDGE('',*,*,#1497,.F.);
#2111=ORIENTED_EDGE('',*,*,#1531,.T.);
#2112=ORIENTED_EDGE('',*,*,#1482,.F.);
#2113=ORIENTED_EDGE('',*,*,#1507,.T.);
#2114=ORIENTED_EDGE('',*,*,#1572,.T.);
#2115=ORIENTED_EDGE('',*,*,#1573,.F.);
#2116=ORIENTED_EDGE('',*,*,#1574,.T.);
#2117=ORIENTED_EDGE('',*,*,#1508,.T.);
#2118=ORIENTED_EDGE('',*,*,#1476,.F.);
#2119=ORIENTED_EDGE('',*,*,#1529,.T.);
#2120=ORIENTED_EDGE('',*,*,#1491,.F.);
#2121=ORIENTED_EDGE('',*,*,#1511,.T.);
#2122=ORIENTED_EDGE('',*,*,#1535,.T.);
#2123=ORIENTED_EDGE('',*,*,#1575,.F.);
#2124=ORIENTED_EDGE('',*,*,#1576,.F.);
#2125=ORIENTED_EDGE('',*,*,#1577,.F.);
#2126=ORIENTED_EDGE('',*,*,#1578,.F.);
#2127=ORIENTED_EDGE('',*,*,#1544,.T.);
#2128=ORIENTED_EDGE('',*,*,#1571,.T.);
#2129=ORIENTED_EDGE('',*,*,#1547,.T.);
#2130=ORIENTED_EDGE('',*,*,#1579,.T.);
#2131=ORIENTED_EDGE('',*,*,#1515,.T.);
#2132=ORIENTED_EDGE('',*,*,#1434,.F.);
#2133=ORIENTED_EDGE('',*,*,#1400,.F.);
#2134=ORIENTED_EDGE('',*,*,#1404,.T.);
#2135=ORIENTED_EDGE('',*,*,#1480,.T.);
#2136=ORIENTED_EDGE('',*,*,#1580,.F.);
#2137=ORIENTED_EDGE('',*,*,#1581,.F.);
#2138=ORIENTED_EDGE('',*,*,#1580,.T.);
#2139=ORIENTED_EDGE('',*,*,#1479,.T.);
#2140=ORIENTED_EDGE('',*,*,#1582,.F.);
#2141=ORIENTED_EDGE('',*,*,#1583,.F.);
#2142=ORIENTED_EDGE('',*,*,#1584,.T.);
#2143=ORIENTED_EDGE('',*,*,#1585,.T.);
#2144=ORIENTED_EDGE('',*,*,#1586,.T.);
#2145=ORIENTED_EDGE('',*,*,#1582,.T.);
#2146=ORIENTED_EDGE('',*,*,#1478,.T.);
#2147=ORIENTED_EDGE('',*,*,#1461,.T.);
#2148=ORIENTED_EDGE('',*,*,#1446,.F.);
#2149=ORIENTED_EDGE('',*,*,#1436,.F.);
#2150=ORIENTED_EDGE('',*,*,#1514,.F.);
#2151=ORIENTED_EDGE('',*,*,#1587,.T.);
#2152=ORIENTED_EDGE('',*,*,#1588,.F.);
#2153=ORIENTED_EDGE('',*,*,#1589,.F.);
#2154=ORIENTED_EDGE('',*,*,#1590,.F.);
#2155=ORIENTED_EDGE('',*,*,#1576,.T.);
#2156=ORIENTED_EDGE('',*,*,#1591,.F.);
#2157=ORIENTED_EDGE('',*,*,#1592,.F.);
#2158=ORIENTED_EDGE('',*,*,#1593,.T.);
#2159=ORIENTED_EDGE('',*,*,#1594,.T.);
#2160=ORIENTED_EDGE('',*,*,#1595,.F.);
#2161=ORIENTED_EDGE('',*,*,#1596,.F.);
#2162=ORIENTED_EDGE('',*,*,#1585,.F.);
#2163=ORIENTED_EDGE('',*,*,#1513,.F.);
#2164=ORIENTED_EDGE('',*,*,#1579,.F.);
#2165=ORIENTED_EDGE('',*,*,#1597,.F.);
#2166=ORIENTED_EDGE('',*,*,#1598,.F.);
#2167=ORIENTED_EDGE('',*,*,#1572,.F.);
#2168=ORIENTED_EDGE('',*,*,#1506,.T.);
#2169=ORIENTED_EDGE('',*,*,#1454,.T.);
#2170=ORIENTED_EDGE('',*,*,#1426,.T.);
#2171=ORIENTED_EDGE('',*,*,#1470,.F.);
#2172=ORIENTED_EDGE('',*,*,#1509,.T.);
#2173=ORIENTED_EDGE('',*,*,#1574,.F.);
#2174=ORIENTED_EDGE('',*,*,#1599,.F.);
#2175=ORIENTED_EDGE('',*,*,#1597,.T.);
#2176=ORIENTED_EDGE('',*,*,#1581,.T.);
#2177=ORIENTED_EDGE('',*,*,#1584,.F.);
#2178=ORIENTED_EDGE('',*,*,#1600,.T.);
#2179=ORIENTED_EDGE('',*,*,#1601,.F.);
#2180=ORIENTED_EDGE('',*,*,#1602,.T.);
#2181=ORIENTED_EDGE('',*,*,#1552,.F.);
#2182=ORIENTED_EDGE('',*,*,#1545,.T.);
#2183=ORIENTED_EDGE('',*,*,#1603,.T.);
#2184=ORIENTED_EDGE('',*,*,#1550,.T.);
#2185=ORIENTED_EDGE('',*,*,#1604,.F.);
#2186=ORIENTED_EDGE('',*,*,#1599,.T.);
#2187=ORIENTED_EDGE('',*,*,#1604,.T.);
#2188=ORIENTED_EDGE('',*,*,#1549,.T.);
#2189=ORIENTED_EDGE('',*,*,#1573,.T.);
#2190=ORIENTED_EDGE('',*,*,#1598,.T.);
#2191=ORIENTED_EDGE('',*,*,#1605,.T.);
#2192=ORIENTED_EDGE('',*,*,#1601,.T.);
#2193=ORIENTED_EDGE('',*,*,#1578,.T.);
#2194=ORIENTED_EDGE('',*,*,#1606,.F.);
#2195=ORIENTED_EDGE('',*,*,#1591,.T.);
#2196=ORIENTED_EDGE('',*,*,#1575,.T.);
#2197=ORIENTED_EDGE('',*,*,#1534,.T.);
#2198=ORIENTED_EDGE('',*,*,#1607,.F.);
#2199=ORIENTED_EDGE('',*,*,#1537,.T.);
#2200=ORIENTED_EDGE('',*,*,#1566,.F.);
#2201=ORIENTED_EDGE('',*,*,#1608,.T.);
#2202=ORIENTED_EDGE('',*,*,#1609,.F.);
#2203=ORIENTED_EDGE('',*,*,#1610,.T.);
#2204=ORIENTED_EDGE('',*,*,#1583,.T.);
#2205=ORIENTED_EDGE('',*,*,#1586,.F.);
#2206=ORIENTED_EDGE('',*,*,#1596,.T.);
#2207=ORIENTED_EDGE('',*,*,#1577,.T.);
#2208=ORIENTED_EDGE('',*,*,#1590,.T.);
#2209=ORIENTED_EDGE('',*,*,#1611,.F.);
#2210=ORIENTED_EDGE('',*,*,#1595,.T.);
#2211=ORIENTED_EDGE('',*,*,#1612,.F.);
#2212=ORIENTED_EDGE('',*,*,#1609,.T.);
#2213=ORIENTED_EDGE('',*,*,#1611,.T.);
#2214=ORIENTED_EDGE('',*,*,#1589,.T.);
#2215=ORIENTED_EDGE('',*,*,#1613,.F.);
#2216=ORIENTED_EDGE('',*,*,#1606,.T.);
#2217=ORIENTED_EDGE('',*,*,#1607,.T.);
#2218=ORIENTED_EDGE('',*,*,#1614,.F.);
#2219=ORIENTED_EDGE('',*,*,#1504,.F.);
#2220=ORIENTED_EDGE('',*,*,#1569,.F.);
#2221=ORIENTED_EDGE('',*,*,#1615,.T.);
#2222=ORIENTED_EDGE('',*,*,#1614,.T.);
#2223=ORIENTED_EDGE('',*,*,#1615,.F.);
#2224=ORIENTED_EDGE('',*,*,#1616,.F.);
#2225=ORIENTED_EDGE('',*,*,#1502,.F.);
#2226=ORIENTED_EDGE('',*,*,#1568,.F.);
#2227=ORIENTED_EDGE('',*,*,#1617,.T.);
#2228=ORIENTED_EDGE('',*,*,#1616,.T.);
#2229=ORIENTED_EDGE('',*,*,#1617,.F.);
#2230=ORIENTED_EDGE('',*,*,#1430,.F.);
#2231=ORIENTED_EDGE('',*,*,#1618,.T.);
#2232=ORIENTED_EDGE('',*,*,#1419,.F.);
#2233=ORIENTED_EDGE('',*,*,#1618,.F.);
#2234=ORIENTED_EDGE('',*,*,#1429,.F.);
#2235=ORIENTED_EDGE('',*,*,#1619,.T.);
#2236=ORIENTED_EDGE('',*,*,#1418,.F.);
#2237=ORIENTED_EDGE('',*,*,#1619,.F.);
#2238=ORIENTED_EDGE('',*,*,#1335,.T.);
#2239=ORIENTED_EDGE('',*,*,#1527,.F.);
#2240=ORIENTED_EDGE('',*,*,#1517,.F.);
#2241=ORIENTED_EDGE('',*,*,#1620,.F.);
#2242=ORIENTED_EDGE('',*,*,#1336,.T.);
#2243=ORIENTED_EDGE('',*,*,#1620,.T.);
#2244=ORIENTED_EDGE('',*,*,#1516,.T.);
#2245=ORIENTED_EDGE('',*,*,#1621,.T.);
#2246=ORIENTED_EDGE('',*,*,#1355,.T.);
#2247=ORIENTED_EDGE('',*,*,#1622,.F.);
#2248=ORIENTED_EDGE('',*,*,#1523,.F.);
#2249=ORIENTED_EDGE('',*,*,#1471,.F.);
#2250=ORIENTED_EDGE('',*,*,#1337,.T.);
#2251=ORIENTED_EDGE('',*,*,#1621,.F.);
#2252=ORIENTED_EDGE('',*,*,#1520,.F.);
#2253=ORIENTED_EDGE('',*,*,#1623,.F.);
#2254=ORIENTED_EDGE('',*,*,#1354,.T.);
#2255=ORIENTED_EDGE('',*,*,#1624,.T.);
#2256=ORIENTED_EDGE('',*,*,#1338,.T.);
#2257=ORIENTED_EDGE('',*,*,#1623,.T.);
#2258=ORIENTED_EDGE('',*,*,#1519,.T.);
#2259=ORIENTED_EDGE('',*,*,#1493,.T.);
#2260=ORIENTED_EDGE('',*,*,#1530,.T.);
#2261=ORIENTED_EDGE('',*,*,#1474,.T.);
#2262=ORIENTED_EDGE('',*,*,#1524,.T.);
#2263=ORIENTED_EDGE('',*,*,#1622,.T.);
#2264=ORIENTED_EDGE('',*,*,#1625,.T.);
#2265=ORIENTED_EDGE('',*,*,#1626,.T.);
#2266=ORIENTED_EDGE('',*,*,#1612,.T.);
#2267=ORIENTED_EDGE('',*,*,#1588,.T.);
#2268=ORIENTED_EDGE('',*,*,#1627,.T.);
#2269=ORIENTED_EDGE('',*,*,#1592,.T.);
#2270=ORIENTED_EDGE('',*,*,#1613,.T.);
#2271=ORIENTED_EDGE('',*,*,#1628,.T.);
#2272=ORIENTED_EDGE('',*,*,#1629,.T.);
#2273=ORIENTED_EDGE('',*,*,#1630,.T.);
#2274=ORIENTED_EDGE('',*,*,#1631,.F.);
#2275=ORIENTED_EDGE('',*,*,#1600,.F.);
#2276=ORIENTED_EDGE('',*,*,#1610,.F.);
#2277=ORIENTED_EDGE('',*,*,#1626,.F.);
#2278=ORIENTED_EDGE('',*,*,#1632,.T.);
#2279=ORIENTED_EDGE('',*,*,#1633,.T.);
#2280=ORIENTED_EDGE('',*,*,#1628,.F.);
#2281=ORIENTED_EDGE('',*,*,#1608,.F.);
#2282=ORIENTED_EDGE('',*,*,#1565,.F.);
#2283=ORIENTED_EDGE('',*,*,#1570,.F.);
#2284=ORIENTED_EDGE('',*,*,#1561,.T.);
#2285=ORIENTED_EDGE('',*,*,#1602,.F.);
#2286=ORIENTED_EDGE('',*,*,#1634,.F.);
#2287=ORIENTED_EDGE('',*,*,#1635,.T.);
#2288=ORIENTED_EDGE('',*,*,#1636,.T.);
#2289=ORIENTED_EDGE('',*,*,#1637,.T.);
#2290=ORIENTED_EDGE('',*,*,#1634,.T.);
#2291=ORIENTED_EDGE('',*,*,#1605,.F.);
#2292=ORIENTED_EDGE('',*,*,#1546,.T.);
#2293=ORIENTED_EDGE('',*,*,#1603,.F.);
#2294=ORIENTED_EDGE('',*,*,#1631,.T.);
#2295=ORIENTED_EDGE('',*,*,#1637,.F.);
#2296=ORIENTED_EDGE('',*,*,#1638,.T.);
#2297=ORIENTED_EDGE('',*,*,#1639,.T.);
#2298=ORIENTED_EDGE('',*,*,#1632,.F.);
#2299=ORIENTED_EDGE('',*,*,#1636,.F.);
#2300=ORIENTED_EDGE('',*,*,#1640,.F.);
#2301=ORIENTED_EDGE('',*,*,#1641,.T.);
#2302=ORIENTED_EDGE('',*,*,#1638,.F.);
#2303=ORIENTED_EDGE('',*,*,#1642,.F.);
#2304=ORIENTED_EDGE('',*,*,#1643,.T.);
#2305=ORIENTED_EDGE('',*,*,#1644,.F.);
#2306=ORIENTED_EDGE('',*,*,#1639,.F.);
#2307=ORIENTED_EDGE('',*,*,#1641,.F.);
#2308=ORIENTED_EDGE('',*,*,#1645,.F.);
#2309=ORIENTED_EDGE('',*,*,#1594,.F.);
#2310=ORIENTED_EDGE('',*,*,#1646,.F.);
#2311=ORIENTED_EDGE('',*,*,#1643,.F.);
#2312=ORIENTED_EDGE('',*,*,#1647,.F.);
#2313=ORIENTED_EDGE('',*,*,#1593,.F.);
#2314=ORIENTED_EDGE('',*,*,#1627,.F.);
#2315=ORIENTED_EDGE('',*,*,#1633,.F.);
#2316=ORIENTED_EDGE('',*,*,#1644,.T.);
#2317=ORIENTED_EDGE('',*,*,#1646,.T.);
#2318=ORIENTED_EDGE('',*,*,#1635,.F.);
#2319=ORIENTED_EDGE('',*,*,#1630,.F.);
#2320=ORIENTED_EDGE('',*,*,#1645,.T.);
#2321=ORIENTED_EDGE('',*,*,#1640,.T.);
#2322=ORIENTED_EDGE('',*,*,#1587,.F.);
#2323=ORIENTED_EDGE('',*,*,#1647,.T.);
#2324=ORIENTED_EDGE('',*,*,#1642,.T.);
#2325=ORIENTED_EDGE('',*,*,#1629,.F.);
#2326=ORIENTED_EDGE('',*,*,#1625,.F.);
#2327=ORIENTED_EDGE('',*,*,#1374,.F.);
#2328=ORIENTED_EDGE('',*,*,#1344,.T.);
#2329=ORIENTED_EDGE('',*,*,#1359,.F.);
#2330=ORIENTED_EDGE('',*,*,#1528,.F.);
#2331=ORIENTED_EDGE('',*,*,#1333,.F.);
#2332=ORIENTED_EDGE('',*,*,#1331,.F.);
#2333=ORIENTED_EDGE('',*,*,#1377,.F.);
#2334=ORIENTED_EDGE('',*,*,#1373,.F.);
#2335=ORIENTED_EDGE('',*,*,#1343,.F.);
#2336=ORIENTED_EDGE('',*,*,#1648,.T.);
#2337=ORIENTED_EDGE('',*,*,#1348,.F.);
#2338=ORIENTED_EDGE('',*,*,#1346,.F.);
#2339=ORIENTED_EDGE('',*,*,#1381,.F.);
#2340=ORIENTED_EDGE('',*,*,#1375,.F.);
#2341=ORIENTED_EDGE('',*,*,#1369,.T.);
#2342=ORIENTED_EDGE('',*,*,#1372,.T.);
#2343=ORIENTED_EDGE('',*,*,#1366,.T.);
#2344=ORIENTED_EDGE('',*,*,#1379,.F.);
#2345=ORIENTED_EDGE('',*,*,#1380,.F.);
#2346=ORIENTED_EDGE('',*,*,#1329,.T.);
#2347=ORIENTED_EDGE('',*,*,#1649,.T.);
#2348=ORIENTED_EDGE('',*,*,#1650,.T.);
#2349=ORIENTED_EDGE('',*,*,#1651,.T.);
#2350=ORIENTED_EDGE('',*,*,#1652,.T.);
#2351=ORIENTED_EDGE('',*,*,#1650,.F.);
#2352=ORIENTED_EDGE('',*,*,#1653,.T.);
#2353=ORIENTED_EDGE('',*,*,#1654,.T.);
#2354=ORIENTED_EDGE('',*,*,#1655,.T.);
#2355=ORIENTED_EDGE('',*,*,#1649,.F.);
#2356=ORIENTED_EDGE('',*,*,#1656,.F.);
#2357=ORIENTED_EDGE('',*,*,#1349,.F.);
#2358=ORIENTED_EDGE('',*,*,#1648,.F.);
#2359=ORIENTED_EDGE('',*,*,#1657,.F.);
#2360=ORIENTED_EDGE('',*,*,#1653,.F.);
#2361=ORIENTED_EDGE('',*,*,#1658,.T.);
#2362=ORIENTED_EDGE('',*,*,#1340,.T.);
#2363=ORIENTED_EDGE('',*,*,#1659,.T.);
#2364=ORIENTED_EDGE('',*,*,#1352,.T.);
#2365=ORIENTED_EDGE('',*,*,#1660,.T.);
#2366=ORIENTED_EDGE('',*,*,#1353,.F.);
#2367=ORIENTED_EDGE('',*,*,#1659,.F.);
#2368=ORIENTED_EDGE('',*,*,#1339,.F.);
#2369=ORIENTED_EDGE('',*,*,#1624,.F.);
#2370=ORIENTED_EDGE('',*,*,#1658,.F.);
#2371=ORIENTED_EDGE('',*,*,#1661,.T.);
#2372=ORIENTED_EDGE('',*,*,#1662,.F.);
#2373=ORIENTED_EDGE('',*,*,#1661,.F.);
#2374=ORIENTED_EDGE('',*,*,#1651,.F.);
#2375=ORIENTED_EDGE('',*,*,#1655,.F.);
#2376=ORIENTED_EDGE('',*,*,#1663,.F.);
#2377=ORIENTED_EDGE('',*,*,#1341,.F.);
#2378=ORIENTED_EDGE('',*,*,#1660,.F.);
#2379=ORIENTED_EDGE('',*,*,#1351,.F.);
#2380=ORIENTED_EDGE('',*,*,#1664,.T.);
#2381=ORIENTED_EDGE('',*,*,#1662,.T.);
#2382=ORIENTED_EDGE('',*,*,#1657,.T.);
#2383=ORIENTED_EDGE('',*,*,#1342,.F.);
#2384=ORIENTED_EDGE('',*,*,#1663,.T.);
#2385=ORIENTED_EDGE('',*,*,#1654,.F.);
#2386=ORIENTED_EDGE('',*,*,#1652,.F.);
#2387=ORIENTED_EDGE('',*,*,#1664,.F.);
#2388=ORIENTED_EDGE('',*,*,#1350,.T.);
#2389=ORIENTED_EDGE('',*,*,#1656,.T.);
#2390=ORIENTED_EDGE('',*,*,#1665,.F.);
#2391=ORIENTED_EDGE('',*,*,#1666,.T.);
#2392=ORIENTED_EDGE('',*,*,#1667,.T.);
#2393=ORIENTED_EDGE('',*,*,#1668,.T.);
#2394=ORIENTED_EDGE('',*,*,#1669,.T.);
#2395=ORIENTED_EDGE('',*,*,#1667,.F.);
#2396=ORIENTED_EDGE('',*,*,#1670,.F.);
#2397=ORIENTED_EDGE('',*,*,#1671,.F.);
#2398=ORIENTED_EDGE('',*,*,#1672,.F.);
#2399=ORIENTED_EDGE('',*,*,#1673,.T.);
#2400=ORIENTED_EDGE('',*,*,#1674,.F.);
#2401=ORIENTED_EDGE('',*,*,#1673,.F.);
#2402=ORIENTED_EDGE('',*,*,#1675,.F.);
#2403=ORIENTED_EDGE('',*,*,#1676,.F.);
#2404=ORIENTED_EDGE('',*,*,#1677,.T.);
#2405=ORIENTED_EDGE('',*,*,#1678,.F.);
#2406=ORIENTED_EDGE('',*,*,#1679,.F.);
#2407=ORIENTED_EDGE('',*,*,#1670,.T.);
#2408=ORIENTED_EDGE('',*,*,#1666,.F.);
#2409=ORIENTED_EDGE('',*,*,#1672,.T.);
#2410=ORIENTED_EDGE('',*,*,#1680,.T.);
#2411=ORIENTED_EDGE('',*,*,#1678,.T.);
#2412=ORIENTED_EDGE('',*,*,#1681,.T.);
#2413=ORIENTED_EDGE('',*,*,#1682,.T.);
#2414=ORIENTED_EDGE('',*,*,#1683,.F.);
#2415=ORIENTED_EDGE('',*,*,#1668,.F.);
#2416=ORIENTED_EDGE('',*,*,#1669,.F.);
#2417=ORIENTED_EDGE('',*,*,#1684,.F.);
#2418=ORIENTED_EDGE('',*,*,#1685,.F.);
#2419=ORIENTED_EDGE('',*,*,#1686,.F.);
#2420=ORIENTED_EDGE('',*,*,#1674,.T.);
#2421=ORIENTED_EDGE('',*,*,#1687,.F.);
#2422=ORIENTED_EDGE('',*,*,#1686,.T.);
#2423=ORIENTED_EDGE('',*,*,#1688,.T.);
#2424=ORIENTED_EDGE('',*,*,#1676,.T.);
#2425=ORIENTED_EDGE('',*,*,#1675,.T.);
#2426=ORIENTED_EDGE('',*,*,#1665,.T.);
#2427=ORIENTED_EDGE('',*,*,#1683,.T.);
#2428=ORIENTED_EDGE('',*,*,#1687,.T.);
#2429=ORIENTED_EDGE('',*,*,#1689,.F.);
#2430=ORIENTED_EDGE('',*,*,#1690,.F.);
#2431=ORIENTED_EDGE('',*,*,#1691,.T.);
#2432=ORIENTED_EDGE('',*,*,#1692,.F.);
#2433=ORIENTED_EDGE('',*,*,#1693,.F.);
#2434=ORIENTED_EDGE('',*,*,#1694,.T.);
#2435=ORIENTED_EDGE('',*,*,#1695,.F.);
#2436=ORIENTED_EDGE('',*,*,#1684,.T.);
#2437=ORIENTED_EDGE('',*,*,#1696,.F.);
#2438=ORIENTED_EDGE('',*,*,#1697,.T.);
#2439=ORIENTED_EDGE('',*,*,#1698,.F.);
#2440=ORIENTED_EDGE('',*,*,#1691,.F.);
#2441=ORIENTED_EDGE('',*,*,#1699,.T.);
#2442=ORIENTED_EDGE('',*,*,#1700,.T.);
#2443=ORIENTED_EDGE('',*,*,#1681,.F.);
#2444=ORIENTED_EDGE('',*,*,#1677,.F.);
#2445=ORIENTED_EDGE('',*,*,#1688,.F.);
#2446=ORIENTED_EDGE('',*,*,#1685,.T.);
#2447=ORIENTED_EDGE('',*,*,#1695,.T.);
#2448=ORIENTED_EDGE('',*,*,#1701,.T.);
#2449=ORIENTED_EDGE('',*,*,#1702,.F.);
#2450=ORIENTED_EDGE('',*,*,#1699,.F.);
#2451=ORIENTED_EDGE('',*,*,#1694,.F.);
#2452=ORIENTED_EDGE('',*,*,#1703,.F.);
#2453=ORIENTED_EDGE('',*,*,#1704,.T.);
#2454=ORIENTED_EDGE('',*,*,#1701,.F.);
#2455=ORIENTED_EDGE('',*,*,#1693,.T.);
#2456=ORIENTED_EDGE('',*,*,#1690,.T.);
#2457=ORIENTED_EDGE('',*,*,#1705,.T.);
#2458=ORIENTED_EDGE('',*,*,#1706,.T.);
#2459=ORIENTED_EDGE('',*,*,#1707,.F.);
#2460=ORIENTED_EDGE('',*,*,#1708,.T.);
#2461=ORIENTED_EDGE('',*,*,#1706,.F.);
#2462=ORIENTED_EDGE('',*,*,#1708,.F.);
#2463=ORIENTED_EDGE('',*,*,#1709,.T.);
#2464=ORIENTED_EDGE('',*,*,#1710,.T.);
#2465=ORIENTED_EDGE('',*,*,#1696,.T.);
#2466=ORIENTED_EDGE('',*,*,#1671,.T.);
#2467=ORIENTED_EDGE('',*,*,#1679,.T.);
#2468=ORIENTED_EDGE('',*,*,#1680,.F.);
#2469=ORIENTED_EDGE('',*,*,#1710,.F.);
#2470=ORIENTED_EDGE('',*,*,#1711,.F.);
#2471=ORIENTED_EDGE('',*,*,#1712,.T.);
#2472=ORIENTED_EDGE('',*,*,#1697,.F.);
#2473=ORIENTED_EDGE('',*,*,#1713,.F.);
#2474=ORIENTED_EDGE('',*,*,#1714,.T.);
#2475=ORIENTED_EDGE('',*,*,#1705,.F.);
#2476=ORIENTED_EDGE('',*,*,#1689,.T.);
#2477=ORIENTED_EDGE('',*,*,#1715,.F.);
#2478=ORIENTED_EDGE('',*,*,#1713,.T.);
#2479=ORIENTED_EDGE('',*,*,#1692,.T.);
#2480=ORIENTED_EDGE('',*,*,#1698,.T.);
#2481=ORIENTED_EDGE('',*,*,#1712,.F.);
#2482=ORIENTED_EDGE('',*,*,#1716,.T.);
#2483=ORIENTED_EDGE('',*,*,#1707,.T.);
#2484=ORIENTED_EDGE('',*,*,#1717,.F.);
#2485=ORIENTED_EDGE('',*,*,#1716,.F.);
#2486=ORIENTED_EDGE('',*,*,#1711,.T.);
#2487=ORIENTED_EDGE('',*,*,#1709,.F.);
#2488=ORIENTED_EDGE('',*,*,#1682,.F.);
#2489=ORIENTED_EDGE('',*,*,#1700,.F.);
#2490=ORIENTED_EDGE('',*,*,#1702,.T.);
#2491=ORIENTED_EDGE('',*,*,#1704,.F.);
#2492=ORIENTED_EDGE('',*,*,#1714,.F.);
#2493=ORIENTED_EDGE('',*,*,#1715,.T.);
#2494=ORIENTED_EDGE('',*,*,#1717,.T.);
#2495=ORIENTED_EDGE('',*,*,#1703,.T.);
#2496=(
BOUNDED_SURFACE()
B_SPLINE_SURFACE(2,2,((#3744,#3745,#3746,#3747,#3748),(#3749,#3750,#3751,
#3752,#3753),(#3754,#3755,#3756,#3757,#3758)),.UNSPECIFIED.,.F.,.F.,.F.)
B_SPLINE_SURFACE_WITH_KNOTS((3,3),(3,2,3),(-2.03794243780373,-1.57079632679489),
(-1.49338284168335,-4.44089209850063E-16,1.49338284168335),
 .UNSPECIFIED.)
GEOMETRIC_REPRESENTATION_ITEM()
RATIONAL_B_SPLINE_SURFACE(((1.,0.733940115769971,1.,0.733940115769971,1.),
(0.972845605134023,0.714010416058373,0.972845605134023,0.714010416058373,
0.972845605134023),(1.,0.733940115769971,1.,0.733940115769971,1.)))
REPRESENTATION_ITEM('')
SURFACE()
);
#2497=(
BOUNDED_SURFACE()
B_SPLINE_SURFACE(2,2,((#3811,#3812,#3813,#3814,#3815),(#3816,#3817,#3818,
#3819,#3820),(#3821,#3822,#3823,#3824,#3825)),.UNSPECIFIED.,.F.,.F.,.F.)
B_SPLINE_SURFACE_WITH_KNOTS((3,3),(3,2,3),(-2.03794243780374,-1.5707963267949),
(-1.49338284168359,0.,1.49338284168359),.UNSPECIFIED.)
GEOMETRIC_REPRESENTATION_ITEM()
RATIONAL_B_SPLINE_SURFACE(((1.,0.73394011576989,1.,0.73394011576989,1.),
(0.972845605133959,0.714010416058247,0.972845605133959,0.714010416058247,
0.972845605133959),(1.,0.73394011576989,1.,0.73394011576989,1.)))
REPRESENTATION_ITEM('')
SURFACE()
);
#2498=ADVANCED_FACE('',(#586),#2496,.T.);
#2499=ADVANCED_FACE('',(#587),#526,.F.);
#2500=ADVANCED_FACE('',(#588),#2497,.T.);
#2501=ADVANCED_FACE('',(#589),#527,.T.);
#2502=ADVANCED_FACE('',(#590),#56,.F.);
#2503=ADVANCED_FACE('',(#591),#57,.F.);
#2504=ADVANCED_FACE('',(#592,#32),#528,.F.);
#2505=ADVANCED_FACE('',(#593,#33),#529,.T.);
#2506=ADVANCED_FACE('',(#594),#58,.F.);
#2507=ADVANCED_FACE('',(#595),#59,.T.);
#2508=ADVANCED_FACE('',(#596),#60,.T.);
#2509=ADVANCED_FACE('',(#597,#34),#530,.T.);
#2510=ADVANCED_FACE('',(#598,#35),#531,.F.);
#2511=ADVANCED_FACE('',(#599),#532,.F.);
#2512=ADVANCED_FACE('',(#600),#533,.F.);
#2513=ADVANCED_FACE('',(#601),#61,.T.);
#2514=ADVANCED_FACE('',(#602),#534,.T.);
#2515=ADVANCED_FACE('',(#603),#535,.T.);
#2516=ADVANCED_FACE('',(#604),#25,.F.);
#2517=ADVANCED_FACE('',(#605),#62,.T.);
#2518=ADVANCED_FACE('',(#606,#36,#37,#38,#39),#536,.F.);
#2519=ADVANCED_FACE('',(#607,#40,#41,#42,#43),#537,.F.);
#2520=ADVANCED_FACE('',(#608),#538,.T.);
#2521=ADVANCED_FACE('',(#609),#539,.F.);
#2522=ADVANCED_FACE('',(#610),#63,.F.);
#2523=ADVANCED_FACE('',(#611),#64,.F.);
#2524=ADVANCED_FACE('',(#612),#26,.F.);
#2525=ADVANCED_FACE('',(#613),#65,.F.);
#2526=ADVANCED_FACE('',(#614),#66,.F.);
#2527=ADVANCED_FACE('',(#615),#540,.F.);
#2528=ADVANCED_FACE('',(#616),#541,.F.);
#2529=ADVANCED_FACE('',(#617),#67,.F.);
#2530=ADVANCED_FACE('',(#618),#542,.F.);
#2531=ADVANCED_FACE('',(#619),#68,.T.);
#2532=ADVANCED_FACE('',(#620),#543,.F.);
#2533=ADVANCED_FACE('',(#621),#69,.T.);
#2534=ADVANCED_FACE('',(#622),#544,.F.);
#2535=ADVANCED_FACE('',(#623),#70,.T.);
#2536=ADVANCED_FACE('',(#624),#545,.T.);
#2537=ADVANCED_FACE('',(#625),#71,.F.);
#2538=ADVANCED_FACE('',(#626),#546,.T.);
#2539=ADVANCED_FACE('',(#627,#44,#45),#547,.T.);
#2540=ADVANCED_FACE('',(#628),#72,.F.);
#2541=ADVANCED_FACE('',(#629),#73,.F.);
#2542=ADVANCED_FACE('',(#630),#74,.F.);
#2543=ADVANCED_FACE('',(#631),#75,.F.);
#2544=ADVANCED_FACE('',(#632),#76,.F.);
#2545=ADVANCED_FACE('',(#633),#548,.F.);
#2546=ADVANCED_FACE('',(#634),#21,.F.);
#2547=ADVANCED_FACE('',(#635),#22,.F.);
#2548=ADVANCED_FACE('',(#636),#549,.F.);
#2549=ADVANCED_FACE('',(#637),#77,.T.);
#2550=ADVANCED_FACE('',(#638),#78,.T.);
#2551=ADVANCED_FACE('',(#639),#79,.T.);
#2552=ADVANCED_FACE('',(#640),#80,.F.);
#2553=ADVANCED_FACE('',(#641),#81,.F.);
#2554=ADVANCED_FACE('',(#642),#550,.F.);
#2555=ADVANCED_FACE('',(#643),#82,.F.);
#2556=ADVANCED_FACE('',(#644),#551,.F.);
#2557=ADVANCED_FACE('',(#645),#552,.T.);
#2558=ADVANCED_FACE('',(#646),#83,.F.);
#2559=ADVANCED_FACE('',(#647),#84,.T.);
#2560=ADVANCED_FACE('',(#648),#553,.T.);
#2561=ADVANCED_FACE('',(#649),#85,.T.);
#2562=ADVANCED_FACE('',(#650),#554,.T.);
#2563=ADVANCED_FACE('',(#651),#555,.T.);
#2564=ADVANCED_FACE('',(#652,#46,#47),#556,.F.);
#2565=ADVANCED_FACE('',(#653),#27,.F.);
#2566=ADVANCED_FACE('',(#654),#86,.T.);
#2567=ADVANCED_FACE('',(#655),#87,.T.);
#2568=ADVANCED_FACE('',(#656),#88,.F.);
#2569=ADVANCED_FACE('',(#657),#89,.F.);
#2570=ADVANCED_FACE('',(#658),#557,.F.);
#2571=ADVANCED_FACE('',(#659),#90,.F.);
#2572=ADVANCED_FACE('',(#660),#558,.T.);
#2573=ADVANCED_FACE('',(#661),#559,.T.);
#2574=ADVANCED_FACE('',(#662),#28,.F.);
#2575=ADVANCED_FACE('',(#663),#29,.F.);
#2576=ADVANCED_FACE('',(#664),#19,.T.);
#2577=ADVANCED_FACE('',(#665),#91,.F.);
#2578=ADVANCED_FACE('',(#666),#17,.F.);
#2579=ADVANCED_FACE('',(#667),#92,.F.);
#2580=ADVANCED_FACE('',(#668),#30,.F.);
#2581=ADVANCED_FACE('',(#669),#31,.F.);
#2582=ADVANCED_FACE('',(#670),#93,.F.);
#2583=ADVANCED_FACE('',(#671),#20,.T.);
#2584=ADVANCED_FACE('',(#672),#18,.F.);
#2585=ADVANCED_FACE('',(#673,#48),#560,.T.);
#2586=ADVANCED_FACE('',(#674),#94,.F.);
#2587=ADVANCED_FACE('',(#675,#49),#561,.T.);
#2588=ADVANCED_FACE('',(#676),#95,.F.);
#2589=ADVANCED_FACE('',(#677),#96,.F.);
#2590=ADVANCED_FACE('',(#678),#97,.F.);
#2591=ADVANCED_FACE('',(#679),#98,.T.);
#2592=ADVANCED_FACE('',(#680),#99,.F.);
#2593=ADVANCED_FACE('',(#681),#100,.T.);
#2594=ADVANCED_FACE('',(#682),#101,.T.);
#2595=ADVANCED_FACE('',(#683),#562,.F.);
#2596=ADVANCED_FACE('',(#684),#102,.F.);
#2597=ADVANCED_FACE('',(#685),#103,.F.);
#2598=ADVANCED_FACE('',(#686),#104,.T.);
#2599=ADVANCED_FACE('',(#687),#105,.T.);
#2600=ADVANCED_FACE('',(#688),#106,.F.);
#2601=ADVANCED_FACE('',(#689),#563,.F.);
#2602=ADVANCED_FACE('',(#690),#107,.T.);
#2603=ADVANCED_FACE('',(#691),#564,.T.);
#2604=ADVANCED_FACE('',(#692),#108,.T.);
#2605=ADVANCED_FACE('',(#693),#565,.F.);
#2606=ADVANCED_FACE('',(#694),#566,.T.);
#2607=ADVANCED_FACE('',(#695),#567,.T.);
#2608=ADVANCED_FACE('',(#696),#109,.T.);
#2609=ADVANCED_FACE('',(#697),#110,.F.);
#2610=ADVANCED_FACE('',(#698),#111,.T.);
#2611=ADVANCED_FACE('',(#699),#568,.T.);
#2612=ADVANCED_FACE('',(#700,#50),#569,.F.);
#2613=ADVANCED_FACE('',(#701),#112,.F.);
#2614=ADVANCED_FACE('',(#702),#113,.T.);
#2615=ADVANCED_FACE('',(#703),#114,.F.);
#2616=ADVANCED_FACE('',(#704,#51),#570,.T.);
#2617=ADVANCED_FACE('',(#705),#571,.T.);
#2618=ADVANCED_FACE('',(#706),#572,.T.);
#2619=ADVANCED_FACE('',(#707),#573,.T.);
#2620=ADVANCED_FACE('',(#708),#574,.T.);
#2621=ADVANCED_FACE('',(#709),#115,.F.);
#2622=ADVANCED_FACE('',(#710,#52),#575,.T.);
#2623=ADVANCED_FACE('',(#711),#116,.F.);
#2624=ADVANCED_FACE('',(#712,#53),#576,.F.);
#2625=ADVANCED_FACE('',(#713),#577,.T.);
#2626=ADVANCED_FACE('',(#714),#117,.T.);
#2627=ADVANCED_FACE('',(#715),#578,.F.);
#2628=ADVANCED_FACE('',(#716),#118,.F.);
#2629=ADVANCED_FACE('',(#717),#579,.T.);
#2630=ADVANCED_FACE('',(#718),#580,.F.);
#2631=ADVANCED_FACE('',(#719,#54),#581,.T.);
#2632=ADVANCED_FACE('',(#720),#119,.F.);
#2633=ADVANCED_FACE('',(#721),#582,.F.);
#2634=ADVANCED_FACE('',(#722),#583,.F.);
#2635=ADVANCED_FACE('',(#723),#120,.T.);
#2636=ADVANCED_FACE('',(#724,#55),#584,.F.);
#2637=ADVANCED_FACE('',(#725),#121,.T.);
#2638=ADVANCED_FACE('',(#726),#585,.T.);
#2639=CLOSED_SHELL('',(#2498,#2499,#2500,#2501,#2502,#2503,#2504,#2505,
#2506,#2507,#2508,#2509,#2510,#2511,#2512,#2513,#2514,#2515,#2516,#2517,
#2518,#2519,#2520,#2521,#2522,#2523,#2524,#2525,#2526,#2527,#2528,#2529,
#2530,#2531,#2532,#2533,#2534,#2535,#2536,#2537,#2538,#2539,#2540,#2541,
#2542,#2543,#2544,#2545,#2546,#2547,#2548,#2549,#2550,#2551,#2552,#2553,
#2554,#2555,#2556,#2557,#2558,#2559,#2560,#2561,#2562,#2563,#2564,#2565,
#2566,#2567,#2568,#2569,#2570,#2571,#2572,#2573,#2574,#2575,#2576,#2577,
#2578,#2579,#2580,#2581,#2582,#2583,#2584,#2585,#2586,#2587,#2588,#2589,
#2590,#2591,#2592,#2593,#2594,#2595,#2596,#2597,#2598,#2599,#2600,#2601,
#2602,#2603,#2604,#2605,#2606,#2607,#2608,#2609,#2610,#2611,#2612,#2613,
#2614,#2615,#2616,#2617,#2618));
#2640=CLOSED_SHELL('',(#2619,#2620,#2621,#2622,#2623,#2624,#2625,#2626,
#2627,#2628,#2629,#2630,#2631,#2632,#2633,#2634,#2635,#2636,#2637,#2638));
#2641=DERIVED_UNIT_ELEMENT(#2643,1.);
#2642=DERIVED_UNIT_ELEMENT(#4864,-3.);
#2643=(
MASS_UNIT()
NAMED_UNIT(*)
SI_UNIT(.KILO.,.GRAM.)
);
#2644=DERIVED_UNIT((#2641,#2642));
#2645=MEASURE_REPRESENTATION_ITEM('density measure',
POSITIVE_RATIO_MEASURE(7850.),#2644);
#2646=PROPERTY_DEFINITION_REPRESENTATION(#2651,#2648);
#2647=PROPERTY_DEFINITION_REPRESENTATION(#2652,#2649);
#2648=REPRESENTATION('material name',(#2650),#4861);
#2649=REPRESENTATION('density',(#2645),#4861);
#2650=DESCRIPTIVE_REPRESENTATION_ITEM('\X2\AC15CCA0\X0\','\X2\AC15CCA0\X0\');
#2651=PROPERTY_DEFINITION('material property','material name',#4871);
#2652=PROPERTY_DEFINITION('material property','density of part',#4871);
#2653=AXIS2_PLACEMENT_3D('',#3743,#2949,#2950);
#2654=AXIS2_PLACEMENT_3D('',#3774,#2951,#2952);
#2655=AXIS2_PLACEMENT_3D('',#3788,#2953,#2954);
#2656=AXIS2_PLACEMENT_3D('',#3789,#2955,#2956);
#2657=AXIS2_PLACEMENT_3D('',#3791,#2957,#2958);
#2658=AXIS2_PLACEMENT_3D('',#3795,#2960,#2961);
#2659=AXIS2_PLACEMENT_3D('',#3797,#2962,#2963);
#2660=AXIS2_PLACEMENT_3D('',#3799,#2964,#2965);
#2661=AXIS2_PLACEMENT_3D('',#3803,#2967,#2968);
#2662=AXIS2_PLACEMENT_3D('',#3805,#2969,#2970);
#2663=AXIS2_PLACEMENT_3D('',#3810,#2973,#2974);
#2664=AXIS2_PLACEMENT_3D('',#3841,#2975,#2976);
#2665=AXIS2_PLACEMENT_3D('',#3855,#2977,#2978);
#2666=AXIS2_PLACEMENT_3D('',#3856,#2979,#2980);
#2667=AXIS2_PLACEMENT_3D('',#3858,#2981,#2982);
#2668=AXIS2_PLACEMENT_3D('',#3866,#2986,#2987);
#2669=AXIS2_PLACEMENT_3D('',#3868,#2988,#2989);
#2670=AXIS2_PLACEMENT_3D('',#3872,#2991,#2992);
#2671=AXIS2_PLACEMENT_3D('',#3874,#2993,#2994);
#2672=AXIS2_PLACEMENT_3D('',#3876,#2995,#2996);
#2673=AXIS2_PLACEMENT_3D('',#3879,#2998,#2999);
#2674=AXIS2_PLACEMENT_3D('',#3880,#3000,#3001);
#2675=AXIS2_PLACEMENT_3D('',#3882,#3002,#3003);
#2676=AXIS2_PLACEMENT_3D('',#3885,#3005,#3006);
#2677=AXIS2_PLACEMENT_3D('',#3886,#3007,#3008);
#2678=AXIS2_PLACEMENT_3D('',#3888,#3009,#3010);
#2679=AXIS2_PLACEMENT_3D('',#3891,#3012,#3013);
#2680=AXIS2_PLACEMENT_3D('',#3892,#3014,#3015);
#2681=AXIS2_PLACEMENT_3D('',#3895,#3016,#3017);
#2682=AXIS2_PLACEMENT_3D('',#3897,#3018,#3019);
#2683=AXIS2_PLACEMENT_3D('',#3898,#3020,#3021);
#2684=AXIS2_PLACEMENT_3D('',#3899,#3022,#3023);
#2685=AXIS2_PLACEMENT_3D('',#3902,#3024,#3025);
#2686=AXIS2_PLACEMENT_3D('',#3904,#3026,#3027);
#2687=AXIS2_PLACEMENT_3D('',#3905,#3028,#3029);
#2688=AXIS2_PLACEMENT_3D('',#3906,#3030,#3031);
#2689=AXIS2_PLACEMENT_3D('',#3909,#3034,#3035);
#2690=AXIS2_PLACEMENT_3D('',#3913,#3038,#3039);
#2691=AXIS2_PLACEMENT_3D('',#3914,#3040,#3041);
#2692=AXIS2_PLACEMENT_3D('',#3917,#3043,#3044);
#2693=AXIS2_PLACEMENT_3D('',#3919,#3046,#3047);
#2694=AXIS2_PLACEMENT_3D('',#3920,#3048,#3049);
#2695=AXIS2_PLACEMENT_3D('',#3921,#3050,#3051);
#2696=AXIS2_PLACEMENT_3D('',#3922,#3052,#3053);
#2697=AXIS2_PLACEMENT_3D('',#3923,#3054,#3055);
#2698=AXIS2_PLACEMENT_3D('',#3932,#3060,#3061);
#2699=AXIS2_PLACEMENT_3D('',#3938,#3065,#3066);
#2700=AXIS2_PLACEMENT_3D('',#3941,#3067,#3068);
#2701=AXIS2_PLACEMENT_3D('',#3945,#3070,#3071);
#2702=AXIS2_PLACEMENT_3D('',#3947,#3073,#3074);
#2703=AXIS2_PLACEMENT_3D('',#3953,#3078,#3079);
#2704=AXIS2_PLACEMENT_3D('',#3959,#3083,#3084);
#2705=AXIS2_PLACEMENT_3D('',#3962,#3085,#3086);
#2706=AXIS2_PLACEMENT_3D('',#3977,#3087,#3088);
#2707=AXIS2_PLACEMENT_3D('',#3992,#3090,#3091);
#2708=AXIS2_PLACEMENT_3D('',#3997,#3094,#3095);
#2709=AXIS2_PLACEMENT_3D('',#3998,#3096,#3097);
#2710=AXIS2_PLACEMENT_3D('',#4002,#3099,#3100);
#2711=AXIS2_PLACEMENT_3D('',#4017,#3108,#3109);
#2712=AXIS2_PLACEMENT_3D('',#4020,#3111,#3112);
#2713=AXIS2_PLACEMENT_3D('',#4022,#3113,#3114);
#2714=AXIS2_PLACEMENT_3D('',#4024,#3115,#3116);
#2715=AXIS2_PLACEMENT_3D('',#4026,#3117,#3118);
#2716=AXIS2_PLACEMENT_3D('',#4027,#3119,#3120);
#2717=AXIS2_PLACEMENT_3D('',#4032,#3123,#3124);
#2718=AXIS2_PLACEMENT_3D('',#4039,#3128,#3129);
#2719=AXIS2_PLACEMENT_3D('',#4041,#3130,#3131);
#2720=AXIS2_PLACEMENT_3D('',#4043,#3132,#3133);
#2721=AXIS2_PLACEMENT_3D('',#4045,#3134,#3135);
#2722=AXIS2_PLACEMENT_3D('',#4047,#3136,#3137);
#2723=AXIS2_PLACEMENT_3D('',#4048,#3138,#3139);
#2724=AXIS2_PLACEMENT_3D('',#4050,#3141,#3142);
#2725=AXIS2_PLACEMENT_3D('',#4052,#3143,#3144);
#2726=AXIS2_PLACEMENT_3D('',#4056,#3146,#3147);
#2727=AXIS2_PLACEMENT_3D('',#4058,#3148,#3149);
#2728=AXIS2_PLACEMENT_3D('',#4064,#3153,#3154);
#2729=AXIS2_PLACEMENT_3D('',#4068,#3156,#3157);
#2730=AXIS2_PLACEMENT_3D('',#4071,#3159,#3160);
#2731=AXIS2_PLACEMENT_3D('',#4072,#3161,#3162);
#2732=AXIS2_PLACEMENT_3D('',#4074,#3164,#3165);
#2733=AXIS2_PLACEMENT_3D('',#4089,#3166,#3167);
#2734=AXIS2_PLACEMENT_3D('',#4104,#3168,#3169);
#2735=AXIS2_PLACEMENT_3D('',#4106,#3171,#3172);
#2736=AXIS2_PLACEMENT_3D('',#4108,#3174,#3175);
#2737=AXIS2_PLACEMENT_3D('',#4111,#3178,#3179);
#2738=AXIS2_PLACEMENT_3D('',#4112,#3180,#3181);
#2739=AXIS2_PLACEMENT_3D('',#4114,#3183,#3184);
#2740=AXIS2_PLACEMENT_3D('',#4121,#3188,#3189);
#2741=AXIS2_PLACEMENT_3D('',#4122,#3190,#3191);
#2742=AXIS2_PLACEMENT_3D('',#4125,#3193,#3194);
#2743=AXIS2_PLACEMENT_3D('',#4126,#3195,#3196);
#2744=AXIS2_PLACEMENT_3D('',#4128,#3198,#3199);
#2745=AXIS2_PLACEMENT_3D('',#4132,#3201,#3202);
#2746=AXIS2_PLACEMENT_3D('',#4134,#3204,#3205);
#2747=AXIS2_PLACEMENT_3D('',#4136,#3206,#3207);
#2748=AXIS2_PLACEMENT_3D('',#4138,#3209,#3210);
#2749=AXIS2_PLACEMENT_3D('',#4141,#3212,#3213);
#2750=AXIS2_PLACEMENT_3D('',#4142,#3214,#3215);
#2751=AXIS2_PLACEMENT_3D('',#4148,#3219,#3220);
#2752=AXIS2_PLACEMENT_3D('',#4152,#3222,#3223);
#2753=AXIS2_PLACEMENT_3D('',#4154,#3225,#3226);
#2754=AXIS2_PLACEMENT_3D('',#4159,#3228,#3229);
#2755=AXIS2_PLACEMENT_3D('',#4161,#3230,#3231);
#2756=AXIS2_PLACEMENT_3D('',#4162,#3232,#3233);
#2757=AXIS2_PLACEMENT_3D('',#4164,#3234,#3235);
#2758=AXIS2_PLACEMENT_3D('',#4167,#3237,#3238);
#2759=AXIS2_PLACEMENT_3D('',#4169,#3239,#3240);
#2760=AXIS2_PLACEMENT_3D('',#4171,#3241,#3242);
#2761=AXIS2_PLACEMENT_3D('',#4173,#3243,#3244);
#2762=AXIS2_PLACEMENT_3D('',#4176,#3246,#3247);
#2763=AXIS2_PLACEMENT_3D('',#4177,#3248,#3249);
#2764=AXIS2_PLACEMENT_3D('',#4180,#3250,#3251);
#2765=AXIS2_PLACEMENT_3D('',#4184,#3253,#3254);
#2766=AXIS2_PLACEMENT_3D('',#4188,#3256,#3257);
#2767=AXIS2_PLACEMENT_3D('',#4190,#3258,#3259);
#2768=AXIS2_PLACEMENT_3D('',#4192,#3260,#3261);
#2769=AXIS2_PLACEMENT_3D('',#4196,#3263,#3264);
#2770=AXIS2_PLACEMENT_3D('',#4200,#3266,#3267);
#2771=AXIS2_PLACEMENT_3D('',#4202,#3268,#3269);
#2772=AXIS2_PLACEMENT_3D('',#4204,#3270,#3271);
#2773=AXIS2_PLACEMENT_3D('',#4207,#3273,#3274);
#2774=AXIS2_PLACEMENT_3D('',#4209,#3275,#3276);
#2775=AXIS2_PLACEMENT_3D('',#4210,#3277,#3278);
#2776=AXIS2_PLACEMENT_3D('',#4212,#3279,#3280);
#2777=AXIS2_PLACEMENT_3D('',#4214,#3282,#3283);
#2778=AXIS2_PLACEMENT_3D('',#4216,#3284,#3285);
#2779=AXIS2_PLACEMENT_3D('',#4218,#3287,#3288);
#2780=AXIS2_PLACEMENT_3D('',#4220,#3289,#3290);
#2781=AXIS2_PLACEMENT_3D('',#4222,#3292,#3293);
#2782=AXIS2_PLACEMENT_3D('',#4225,#3295,#3296);
#2783=AXIS2_PLACEMENT_3D('',#4226,#3297,#3298);
#2784=AXIS2_PLACEMENT_3D('',#4229,#3299,#3300);
#2785=AXIS2_PLACEMENT_3D('',#4232,#3303,#3304);
#2786=AXIS2_PLACEMENT_3D('',#4238,#3308,#3309);
#2787=AXIS2_PLACEMENT_3D('',#4241,#3310,#3311);
#2788=AXIS2_PLACEMENT_3D('',#4251,#3312,#3313);
#2789=AXIS2_PLACEMENT_3D('',#4253,#3314,#3315);
#2790=AXIS2_PLACEMENT_3D('',#4262,#3316,#3317);
#2791=AXIS2_PLACEMENT_3D('',#4264,#3318,#3319);
#2792=AXIS2_PLACEMENT_3D('',#4282,#3320,#3321);
#2793=AXIS2_PLACEMENT_3D('',#4283,#3322,#3323);
#2794=AXIS2_PLACEMENT_3D('',#4288,#3328,#3329);
#2795=AXIS2_PLACEMENT_3D('',#4289,#3330,#3331);
#2796=AXIS2_PLACEMENT_3D('',#4292,#3334,#3335);
#2797=AXIS2_PLACEMENT_3D('',#4294,#3337,#3338);
#2798=AXIS2_PLACEMENT_3D('',#4296,#3340,#3341);
#2799=AXIS2_PLACEMENT_3D('',#4298,#3343,#3344);
#2800=AXIS2_PLACEMENT_3D('',#4302,#3346,#3347);
#2801=AXIS2_PLACEMENT_3D('',#4305,#3349,#3350);
#2802=AXIS2_PLACEMENT_3D('',#4306,#3351,#3352);
#2803=AXIS2_PLACEMENT_3D('',#4312,#3355,#3356);
#2804=AXIS2_PLACEMENT_3D('',#4321,#3357,#3358);
#2805=AXIS2_PLACEMENT_3D('',#4325,#3360,#3361);
#2806=AXIS2_PLACEMENT_3D('',#4328,#3363,#3364);
#2807=AXIS2_PLACEMENT_3D('',#4329,#3365,#3366);
#2808=AXIS2_PLACEMENT_3D('',#4345,#3371,#3372);
#2809=AXIS2_PLACEMENT_3D('',#4362,#3374,#3375);
#2810=AXIS2_PLACEMENT_3D('',#4366,#3377,#3378);
#2811=AXIS2_PLACEMENT_3D('',#4368,#3380,#3381);
#2812=AXIS2_PLACEMENT_3D('',#4372,#3384,#3385);
#2813=AXIS2_PLACEMENT_3D('',#4374,#3386,#3387);
#2814=AXIS2_PLACEMENT_3D('',#4376,#3389,#3390);
#2815=AXIS2_PLACEMENT_3D('',#4391,#3393,#3394);
#2816=AXIS2_PLACEMENT_3D('',#4417,#3397,#3398);
#2817=AXIS2_PLACEMENT_3D('',#4418,#3399,#3400);
#2818=AXIS2_PLACEMENT_3D('',#4420,#3401,#3402);
#2819=AXIS2_PLACEMENT_3D('',#4422,#3403,#3404);
#2820=AXIS2_PLACEMENT_3D('',#4423,#3405,#3406);
#2821=AXIS2_PLACEMENT_3D('',#4424,#3407,#3408);
#2822=AXIS2_PLACEMENT_3D('',#4425,#3409,#3410);
#2823=AXIS2_PLACEMENT_3D('',#4437,#3411,#3412);
#2824=AXIS2_PLACEMENT_3D('',#4448,#3413,#3414);
#2825=AXIS2_PLACEMENT_3D('',#4450,#3415,#3416);
#2826=AXIS2_PLACEMENT_3D('',#4474,#3418,#3419);
#2827=AXIS2_PLACEMENT_3D('',#4475,#3420,#3421);
#2828=AXIS2_PLACEMENT_3D('',#4476,#3422,#3423);
#2829=AXIS2_PLACEMENT_3D('',#4478,#3424,#3425);
#2830=AXIS2_PLACEMENT_3D('',#4489,#3427,#3428);
#2831=AXIS2_PLACEMENT_3D('',#4505,#3430,#3431);
#2832=AXIS2_PLACEMENT_3D('',#4507,#3432,#3433);
#2833=AXIS2_PLACEMENT_3D('',#4518,#3434,#3435);
#2834=AXIS2_PLACEMENT_3D('',#4539,#3443,#3444);
#2835=AXIS2_PLACEMENT_3D('',#4542,#3446,#3447);
#2836=AXIS2_PLACEMENT_3D('',#4544,#3448,#3449);
#2837=AXIS2_PLACEMENT_3D('',#4546,#3451,#3452);
#2838=AXIS2_PLACEMENT_3D('',#4554,#3453,#3454);
#2839=AXIS2_PLACEMENT_3D('',#4555,#3455,#3456);
#2840=AXIS2_PLACEMENT_3D('',#4557,#3457,#3458);
#2841=AXIS2_PLACEMENT_3D('',#4558,#3459,#3460);
#2842=AXIS2_PLACEMENT_3D('',#4589,#3461,#3462);
#2843=AXIS2_PLACEMENT_3D('',#4590,#3463,#3464);
#2844=AXIS2_PLACEMENT_3D('',#4591,#3465,#3466);
#2845=AXIS2_PLACEMENT_3D('',#4592,#3467,#3468);
#2846=AXIS2_PLACEMENT_3D('',#4593,#3469,#3470);
#2847=AXIS2_PLACEMENT_3D('',#4594,#3471,#3472);
#2848=AXIS2_PLACEMENT_3D('',#4595,#3473,#3474);
#2849=AXIS2_PLACEMENT_3D('',#4596,#3475,#3476);
#2850=AXIS2_PLACEMENT_3D('',#4598,#3477,#3478);
#2851=AXIS2_PLACEMENT_3D('',#4599,#3479,#3480);
#2852=AXIS2_PLACEMENT_3D('',#4600,#3481,#3482);
#2853=AXIS2_PLACEMENT_3D('',#4608,#3483,#3484);
#2854=AXIS2_PLACEMENT_3D('',#4609,#3485,#3486);
#2855=AXIS2_PLACEMENT_3D('',#4610,#3487,#3488);
#2856=AXIS2_PLACEMENT_3D('',#4641,#3489,#3490);
#2857=AXIS2_PLACEMENT_3D('',#4642,#3491,#3492);
#2858=AXIS2_PLACEMENT_3D('',#4643,#3493,#3494);
#2859=AXIS2_PLACEMENT_3D('',#4644,#3495,#3496);
#2860=AXIS2_PLACEMENT_3D('',#4646,#3497,#3498);
#2861=AXIS2_PLACEMENT_3D('',#4647,#3499,#3500);
#2862=AXIS2_PLACEMENT_3D('',#4649,#3502,#3503);
#2863=AXIS2_PLACEMENT_3D('',#4651,#3504,#3505);
#2864=AXIS2_PLACEMENT_3D('',#4652,#3506,#3507);
#2865=AXIS2_PLACEMENT_3D('',#4654,#3509,#3510);
#2866=AXIS2_PLACEMENT_3D('',#4656,#3512,#3513);
#2867=AXIS2_PLACEMENT_3D('',#4658,#3515,#3516);
#2868=AXIS2_PLACEMENT_3D('',#4660,#3518,#3519);
#2869=AXIS2_PLACEMENT_3D('',#4662,#3521,#3522);
#2870=AXIS2_PLACEMENT_3D('',#4664,#3524,#3525);
#2871=AXIS2_PLACEMENT_3D('',#4666,#3527,#3528);
#2872=AXIS2_PLACEMENT_3D('',#4668,#3530,#3531);
#2873=AXIS2_PLACEMENT_3D('',#4670,#3532,#3533);
#2874=AXIS2_PLACEMENT_3D('',#4672,#3535,#3536);
#2875=AXIS2_PLACEMENT_3D('',#4674,#3537,#3538);
#2876=AXIS2_PLACEMENT_3D('',#4676,#3540,#3541);
#2877=AXIS2_PLACEMENT_3D('',#4678,#3542,#3543);
#2878=AXIS2_PLACEMENT_3D('',#4680,#3544,#3545);
#2879=AXIS2_PLACEMENT_3D('',#4682,#3547,#3548);
#2880=AXIS2_PLACEMENT_3D('',#4685,#3549,#3550);
#2881=AXIS2_PLACEMENT_3D('',#4686,#3551,#3552);
#2882=AXIS2_PLACEMENT_3D('',#4688,#3554,#3555);
#2883=AXIS2_PLACEMENT_3D('',#4690,#3556,#3557);
#2884=AXIS2_PLACEMENT_3D('',#4693,#3559,#3560);
#2885=AXIS2_PLACEMENT_3D('',#4694,#3561,#3562);
#2886=AXIS2_PLACEMENT_3D('',#4696,#3563,#3564);
#2887=AXIS2_PLACEMENT_3D('',#4698,#3566,#3567);
#2888=AXIS2_PLACEMENT_3D('',#4700,#3568,#3569);
#2889=AXIS2_PLACEMENT_3D('',#4702,#3571,#3572);
#2890=AXIS2_PLACEMENT_3D('',#4709,#3577,#3578);
#2891=AXIS2_PLACEMENT_3D('',#4710,#3579,#3580);
#2892=AXIS2_PLACEMENT_3D('',#4711,#3581,#3582);
#2893=AXIS2_PLACEMENT_3D('',#4712,#3583,#3584);
#2894=AXIS2_PLACEMENT_3D('',#4713,#3585,#3586);
#2895=AXIS2_PLACEMENT_3D('',#4714,#3587,#3588);
#2896=AXIS2_PLACEMENT_3D('',#4715,#3589,#3590);
#2897=AXIS2_PLACEMENT_3D('',#4716,#3591,#3592);
#2898=AXIS2_PLACEMENT_3D('',#4718,#3594,#3595);
#2899=AXIS2_PLACEMENT_3D('',#4721,#3596,#3597);
#2900=AXIS2_PLACEMENT_3D('',#4725,#3599,#3600);
#2901=AXIS2_PLACEMENT_3D('',#4727,#3602,#3603);
#2902=AXIS2_PLACEMENT_3D('',#4733,#3607,#3608);
#2903=AXIS2_PLACEMENT_3D('',#4737,#3611,#3612);
#2904=AXIS2_PLACEMENT_3D('',#4738,#3613,#3614);
#2905=AXIS2_PLACEMENT_3D('',#4741,#3617,#3618);
#2906=AXIS2_PLACEMENT_3D('',#4742,#3619,#3620);
#2907=AXIS2_PLACEMENT_3D('',#4745,#3622,#3623);
#2908=AXIS2_PLACEMENT_3D('',#4746,#3624,#3625);
#2909=AXIS2_PLACEMENT_3D('',#4749,#3628,#3629);
#2910=AXIS2_PLACEMENT_3D('',#4750,#3630,#3631);
#2911=AXIS2_PLACEMENT_3D('',#4751,#3632,#3633);
#2912=AXIS2_PLACEMENT_3D('',#4760,#3638,#3639);
#2913=AXIS2_PLACEMENT_3D('',#4766,#3643,#3644);
#2914=AXIS2_PLACEMENT_3D('',#4768,#3645,#3646);
#2915=AXIS2_PLACEMENT_3D('',#4771,#3648,#3649);
#2916=AXIS2_PLACEMENT_3D('',#4772,#3650,#3651);
#2917=AXIS2_PLACEMENT_3D('',#4774,#3652,#3653);
#2918=AXIS2_PLACEMENT_3D('',#4782,#3658,#3659);
#2919=AXIS2_PLACEMENT_3D('',#4784,#3660,#3661);
#2920=AXIS2_PLACEMENT_3D('',#4786,#3662,#3663);
#2921=AXIS2_PLACEMENT_3D('',#4788,#3665,#3666);
#2922=AXIS2_PLACEMENT_3D('',#4790,#3667,#3668);
#2923=AXIS2_PLACEMENT_3D('',#4796,#3672,#3673);
#2924=AXIS2_PLACEMENT_3D('',#4799,#3676,#3677);
#2925=AXIS2_PLACEMENT_3D('',#4800,#3678,#3679);
#2926=AXIS2_PLACEMENT_3D('',#4809,#3684,#3685);
#2927=AXIS2_PLACEMENT_3D('',#4811,#3686,#3687);
#2928=AXIS2_PLACEMENT_3D('',#4814,#3689,#3690);
#2929=AXIS2_PLACEMENT_3D('',#4816,#3691,#3692);
#2930=AXIS2_PLACEMENT_3D('',#4819,#3694,#3695);
#2931=AXIS2_PLACEMENT_3D('',#4820,#3696,#3697);
#2932=AXIS2_PLACEMENT_3D('',#4823,#3699,#3700);
#2933=AXIS2_PLACEMENT_3D('',#4824,#3701,#3702);
#2934=AXIS2_PLACEMENT_3D('',#4828,#3705,#3706);
#2935=AXIS2_PLACEMENT_3D('',#4832,#3708,#3709);
#2936=AXIS2_PLACEMENT_3D('',#4833,#3710,#3711);
#2937=AXIS2_PLACEMENT_3D('',#4835,#3712,#3713);
#2938=AXIS2_PLACEMENT_3D('',#4836,#3714,#3715);
#2939=AXIS2_PLACEMENT_3D('',#4838,#3716,#3717);
#2940=AXIS2_PLACEMENT_3D('',#4840,#3719,#3720);
#2941=AXIS2_PLACEMENT_3D('',#4842,#3721,#3722);
#2942=AXIS2_PLACEMENT_3D('',#4844,#3724,#3725);
#2943=AXIS2_PLACEMENT_3D('',#4848,#3728,#3729);
#2944=AXIS2_PLACEMENT_3D('',#4850,#3730,#3731);
#2945=AXIS2_PLACEMENT_3D('',#4852,#3733,#3734);
#2946=AXIS2_PLACEMENT_3D('',#4855,#3736,#3737);
#2947=AXIS2_PLACEMENT_3D('',#4856,#3738,#3739);
#2948=AXIS2_PLACEMENT_3D('',#4858,#3741,#3742);
#2949=DIRECTION('axis',(0.,0.,1.));
#2950=DIRECTION('refdir',(1.,0.,0.));
#2951=DIRECTION('center_axis',(0.00494404697506186,-0.0108847857370784,
-0.999928536365958));
#2952=DIRECTION('ref_axis',(0.910479343955834,0.41355454807045,-7.23121630412852E-20));
#2953=DIRECTION('center_axis',(0.00494404697506186,-0.0108847857370784,
-0.999928536365958));
#2954=DIRECTION('ref_axis',(-0.292467580963814,-0.956233432580663,0.00896306310236389));
#2955=DIRECTION('center_axis',(-0.00494404697505828,0.0108847857370705,
0.999928536365958));
#2956=DIRECTION('ref_axis',(-0.910479343955834,-0.41355454807045,-6.45090620093503E-19));
#2957=DIRECTION('center_axis',(0.00494404697505828,-0.0108847857370705,
-0.999928536365958));
#2958=DIRECTION('ref_axis',(-0.910479343955834,-0.41355454807045,-6.45090620093503E-19));
#2959=DIRECTION('',(-0.999987778125067,-5.38155497244628E-5,-0.0049437540774386));
#2960=DIRECTION('center_axis',(0.00494404697505828,-0.0108847857370705,
-0.999928536365958));
#2961=DIRECTION('ref_axis',(-8.13151629364128E-20,0.999940757516836,-0.0108849187711868));
#2962=DIRECTION('center_axis',(-0.00494404697505828,0.0108847857370705,
0.999928536365958));
#2963=DIRECTION('ref_axis',(1.35525271560688E-20,0.999940757516836,-0.0108849187711946));
#2964=DIRECTION('center_axis',(0.00494404697505828,-0.0108847857370705,
-0.999928536365958));
#2965=DIRECTION('ref_axis',(-8.13151629364128E-20,0.999940757516836,-0.0108849187711868));
#2966=DIRECTION('',(-0.999987778125067,-5.38155497244628E-5,-0.0049437540774386));
#2967=DIRECTION('center_axis',(0.00494404697505828,-0.0108847857370705,
-0.999928536365958));
#2968=DIRECTION('ref_axis',(-0.910479343955834,-0.41355454807045,-6.45090620093503E-19));
#2969=DIRECTION('center_axis',(0.00494404697505828,-0.0108847857370705,
-0.999928536365958));
#2970=DIRECTION('ref_axis',(-0.880995622217494,0.473028926343579,-0.00950518152655856));
#2971=DIRECTION('',(6.49481824658432E-15,0.999940757516836,-0.0108849187711864));
#2972=DIRECTION('',(-0.999987778125067,-5.38155497179504E-5,-0.00494375407743867));
#2973=DIRECTION('center_axis',(-0.00494404697505828,0.0108847857370705,
0.999928536365958));
#2974=DIRECTION('ref_axis',(-0.910479343955834,-0.41355454807045,-6.45090620093503E-19));
#2975=DIRECTION('center_axis',(-0.00494404697506186,0.0108847857370784,
0.999928536365958));
#2976=DIRECTION('ref_axis',(0.910479343955834,0.41355454807045,-8.62027109217359E-19));
#2977=DIRECTION('center_axis',(-0.00494404697506186,0.0108847857370784,
0.999928536365958));
#2978=DIRECTION('ref_axis',(-0.292467580963801,-0.956233432580667,0.00896306310236726));
#2979=DIRECTION('center_axis',(-0.00494404697505828,0.0108847857370705,
0.999928536365958));
#2980=DIRECTION('ref_axis',(-0.910479343955834,-0.41355454807045,0.));
#2981=DIRECTION('center_axis',(0.00494404697505828,-0.0108847857370705,
-0.999928536365958));
#2982=DIRECTION('ref_axis',(-0.910479343955834,-0.41355454807045,0.));
#2983=DIRECTION('',(-6.88336920014881E-15,-0.999940757516836,0.0108849187711864));
#2984=DIRECTION('',(-0.999987778125067,-5.38155497258885E-5,-0.00494375407743858));
#2985=DIRECTION('',(6.49480469405716E-15,0.999940757516836,-0.0108849187711864));
#2986=DIRECTION('center_axis',(-0.00494404697505828,0.0108847857370705,
0.999928536365958));
#2987=DIRECTION('ref_axis',(-0.880995622217494,0.473028926343579,-0.00950518152655856));
#2988=DIRECTION('center_axis',(-0.00494404697505828,0.0108847857370705,
0.999928536365958));
#2989=DIRECTION('ref_axis',(-0.910479343955834,-0.41355454807045,0.));
#2990=DIRECTION('',(0.999987778125067,5.38155497244628E-5,0.0049437540774386));
#2991=DIRECTION('center_axis',(-0.00494404697505828,0.0108847857370705,
0.999928536365958));
#2992=DIRECTION('ref_axis',(-8.13151629364128E-20,0.999940757516836,-0.0108849187711868));
#2993=DIRECTION('center_axis',(0.00494404697505828,-0.0108847857370705,
-0.999928536365958));
#2994=DIRECTION('ref_axis',(1.35525271560688E-20,0.999940757516836,-0.0108849187711946));
#2995=DIRECTION('center_axis',(-0.00494404697505828,0.0108847857370705,
0.999928536365958));
#2996=DIRECTION('ref_axis',(-8.13151629364128E-20,0.999940757516836,-0.0108849187711868));
#2997=DIRECTION('',(0.999987778125067,5.38155497244628E-5,0.0049437540774386));
#2998=DIRECTION('center_axis',(-0.00494404697505828,0.0108847857370705,
0.999928536365958));
#2999=DIRECTION('ref_axis',(-0.910479343955834,-0.41355454807045,0.));
#3000=DIRECTION('center_axis',(-0.00494404697506168,0.0108847857370783,
0.999928536365958));
#3001=DIRECTION('ref_axis',(0.910479343955834,0.41355454807045,-9.65856543299144E-17));
#3002=DIRECTION('center_axis',(-0.00494404697505828,0.0108847857370705,
0.999928536365958));
#3003=DIRECTION('ref_axis',(0.910479343955834,0.41355454807045,-9.65856543299144E-17));
#3004=DIRECTION('',(-0.00494404697506168,0.0108847857370783,0.999928536365958));
#3005=DIRECTION('center_axis',(0.00494404697505828,-0.0108847857370705,
-0.999928536365958));
#3006=DIRECTION('ref_axis',(0.910479343955834,0.41355454807045,-9.65856543299144E-17));
#3007=DIRECTION('center_axis',(-0.00494404697506168,0.0108847857370783,
0.999928536365958));
#3008=DIRECTION('ref_axis',(0.910479343955834,0.41355454807045,-9.65856543299144E-17));
#3009=DIRECTION('center_axis',(-0.00494404697505828,0.0108847857370705,
0.999928536365958));
#3010=DIRECTION('ref_axis',(0.910479343955834,0.41355454807045,-9.65856543299144E-17));
#3011=DIRECTION('',(-0.00494404697506168,0.0108847857370783,0.999928536365958));
#3012=DIRECTION('center_axis',(0.00494404697505828,-0.0108847857370705,
-0.999928536365958));
#3013=DIRECTION('ref_axis',(0.910479343955834,0.41355454807045,-9.65856543299144E-17));
#3014=DIRECTION('center_axis',(0.00494404697505828,-0.0108847857370705,
-0.999928536365958));
#3015=DIRECTION('ref_axis',(0.910479343955834,0.41355454807045,1.65638279692976E-18));
#3016=DIRECTION('center_axis',(-0.00494404697505828,0.0108847857370705,
0.999928536365958));
#3017=DIRECTION('ref_axis',(-0.910479343955834,-0.41355454807045,-4.51806280855055E-16));
#3018=DIRECTION('center_axis',(0.00494404697505828,-0.0108847857370705,
-0.999928536365958));
#3019=DIRECTION('ref_axis',(0.910479343955834,0.41355454807045,1.21786907714572E-18));
#3020=DIRECTION('center_axis',(0.00494404697505828,-0.0108847857370705,
-0.999928536365958));
#3021=DIRECTION('ref_axis',(0.910479343955834,0.41355454807045,1.55534643153081E-16));
#3022=DIRECTION('center_axis',(0.00494404697505828,-0.0108847857370705,
-0.999928536365958));
#3023=DIRECTION('ref_axis',(0.910479343955834,0.41355454807045,1.65638279692976E-18));
#3024=DIRECTION('center_axis',(0.00494404697505828,-0.0108847857370705,
-0.999928536365958));
#3025=DIRECTION('ref_axis',(-0.910479343955834,-0.41355454807045,-4.51806280855055E-16));
#3026=DIRECTION('center_axis',(-0.00494404697505828,0.0108847857370705,
0.999928536365958));
#3027=DIRECTION('ref_axis',(0.910479343955834,0.41355454807045,1.55534643153081E-16));
#3028=DIRECTION('center_axis',(-0.00494404697505828,0.0108847857370705,
0.999928536365958));
#3029=DIRECTION('ref_axis',(0.910479343955834,0.41355454807045,1.21786907714572E-18));
#3030=DIRECTION('center_axis',(0.00494404697505774,-0.0108847857370729,
-0.999928536365958));
#3031=DIRECTION('ref_axis',(0.910479343955834,0.41355454807045,-1.4453611273891E-15));
#3032=DIRECTION('',(0.00494404697505774,-0.0108847857370729,-0.999928536365958));
#3033=DIRECTION('',(0.00494404697505847,-0.0108847857370699,-0.999928536365958));
#3034=DIRECTION('center_axis',(-0.0049440469750584,0.0108847857370704,0.999928536365958));
#3035=DIRECTION('ref_axis',(-0.00607991550376318,-0.99992260250095,0.0108546596074435));
#3036=DIRECTION('',(0.00494404697505847,-0.0108847857370699,-0.999928536365958));
#3037=DIRECTION('',(-0.00494404697505847,0.0108847857370699,0.999928536365958));
#3038=DIRECTION('center_axis',(-0.00494404697506186,0.0108847857370784,
0.999928536365958));
#3039=DIRECTION('ref_axis',(0.910479343955834,0.41355454807045,-8.62027109217359E-19));
#3040=DIRECTION('center_axis',(-0.0049440469750584,0.0108847857370704,0.999928536365958));
#3041=DIRECTION('ref_axis',(-0.00607991550374185,-0.999922602500951,0.0108546596074436));
#3042=DIRECTION('',(0.00494404697505847,-0.0108847857370699,-0.999928536365958));
#3043=DIRECTION('center_axis',(0.00494404697506186,-0.0108847857370784,
-0.999928536365958));
#3044=DIRECTION('ref_axis',(0.910479343955834,0.41355454807045,-7.23121630412852E-20));
#3045=DIRECTION('',(-0.00494404697505847,0.0108847857370699,0.999928536365958));
#3046=DIRECTION('center_axis',(0.00494404697505828,-0.0108847857370705,
-0.999928536365958));
#3047=DIRECTION('ref_axis',(0.910479343955834,0.41355454807045,3.25540319815544E-19));
#3048=DIRECTION('center_axis',(-0.00494404697505828,0.0108847857370705,
0.999928536365958));
#3049=DIRECTION('ref_axis',(-0.996993194042231,-0.0773813018471996,-0.00408719438025929));
#3050=DIRECTION('center_axis',(0.00494404697505828,-0.0108847857370705,
-0.999928536365958));
#3051=DIRECTION('ref_axis',(0.910479343955834,0.41355454807045,-4.64174626360529E-19));
#3052=DIRECTION('center_axis',(0.00494404697505828,-0.0108847857370705,
-0.999928536365958));
#3053=DIRECTION('ref_axis',(-0.996993194042231,-0.0773813018471996,-0.00408719438025929));
#3054=DIRECTION('center_axis',(0.99998920782056,0.00163642933928235,0.00434814229603372));
#3055=DIRECTION('ref_axis',(0.00434814811799268,0.,-0.99999054675929));
#3056=DIRECTION('',(0.00464588445928453,-0.352228234039055,-0.935902605458132));
#3057=DIRECTION('',(0.,0.935912705995995,-0.352232035390386));
#3058=DIRECTION('',(-0.00464588445928453,0.352228234039055,0.935902605458132));
#3059=DIRECTION('',(0.,0.935912705995995,-0.352232035390386));
#3060=DIRECTION('center_axis',(0.999989186723707,0.00182867716551453,0.0042757894572338));
#3061=DIRECTION('ref_axis',(0.00427579660650035,0.,-0.999990858739909));
#3062=DIRECTION('',(-0.000205409954102556,0.935912350108466,-0.352232921120669));
#3063=DIRECTION('',(-0.000205409954102556,0.935912350108466,-0.352232921120669));
#3064=DIRECTION('',(0.00464588445928453,-0.352228234039055,-0.935902605458132));
#3065=DIRECTION('center_axis',(-0.00464588445928453,0.352228234039055,0.935902605458132));
#3066=DIRECTION('ref_axis',(3.90312782094782E-18,-0.935912705995995,0.352232035390386));
#3067=DIRECTION('center_axis',(-0.00464588445928453,0.352228234039055,0.935902605458132));
#3068=DIRECTION('ref_axis',(3.90312782094782E-18,-0.935912705995995,0.352232035390386));
#3069=DIRECTION('',(-0.00464588445928453,0.352228234039055,0.935902605458132));
#3070=DIRECTION('center_axis',(-0.00464588445928453,0.352228234039055,0.935902605458132));
#3071=DIRECTION('ref_axis',(3.90312782094782E-18,-0.935912705995995,0.352232035390386));
#3072=DIRECTION('',(-0.00464588445928453,0.352228234039055,0.935902605458132));
#3073=DIRECTION('center_axis',(1.14349447879331E-15,0.935912705995995,-0.352232035390386));
#3074=DIRECTION('ref_axis',(4.93038065763132E-32,0.352232035390386,0.935912705995995));
#3075=DIRECTION('',(-0.99998920782056,-0.00163642933928115,-0.00434814229603377));
#3076=DIRECTION('',(-0.99998920782056,-0.00163642933928115,-0.00434814229603377));
#3077=DIRECTION('',(-0.00464588445928453,0.352228234039055,0.935902605458132));
#3078=DIRECTION('center_axis',(-1.29172524456281E-16,-0.935912705995995,
0.352232035390386));
#3079=DIRECTION('ref_axis',(-6.16297582203915E-33,-0.352232035390386,-0.935912705995995));
#3080=DIRECTION('',(-0.00464588445928452,0.352228234039055,0.935902605458132));
#3081=DIRECTION('',(0.99998920782056,0.00163642933928248,0.00434814229603442));
#3082=DIRECTION('',(0.99998920782056,0.00163642933928248,0.00434814229603442));
#3083=DIRECTION('center_axis',(0.00494404697507343,-0.010884785737143,-0.999928536365957));
#3084=DIRECTION('ref_axis',(-0.999987776676856,0.,-0.00494433988288544));
#3085=DIRECTION('center_axis',(-0.00494404697506186,0.0108847857370786,
0.999928536365958));
#3086=DIRECTION('ref_axis',(-1.49077798716757E-19,0.999940757516836,-0.0108849187711945));
#3087=DIRECTION('center_axis',(-0.00494404697498889,0.0108847857369248,
0.99992853636596));
#3088=DIRECTION('ref_axis',(-0.498608864439142,0.866745396499433,-0.0119003340184105));
#3089=DIRECTION('',(0.500589141219429,0.865646295724534,-0.00818549885999277));
#3090=DIRECTION('center_axis',(0.00494404697506186,-0.0108847857370787,
-0.999928536365958));
#3091=DIRECTION('ref_axis',(-4.74338450462408E-20,0.999940757516836,-0.0108849187711945));
#3092=DIRECTION('',(-0.00494404697506186,0.0108847857370784,0.999928536365958));
#3093=DIRECTION('',(-0.00494404697506173,0.0108847857370819,0.999928536365958));
#3094=DIRECTION('center_axis',(-0.00494404697506186,0.0108847857370786,
0.999928536365958));
#3095=DIRECTION('ref_axis',(-1.49077798716757E-19,0.999940757516836,-0.0108849187711945));
#3096=DIRECTION('center_axis',(0.00464588445928453,-0.352228234039056,-0.935902605458132));
#3097=DIRECTION('ref_axis',(-2.16840434497101E-19,-0.935912705995995,0.352232035390386));
#3098=DIRECTION('',(0.999989128426539,0.00200937574216506,0.00420778300974831));
#3099=DIRECTION('center_axis',(-0.00464588445928453,0.352228234039055,0.935902605458132));
#3100=DIRECTION('ref_axis',(8.67361737988403E-19,-0.935912705995995,0.352232035390386));
#3101=DIRECTION('',(0.00169096365501919,0.935914135083778,-0.352224179170456));
#3102=DIRECTION('',(-0.999987778125067,-5.38155497276096E-5,-0.00494375407744665));
#3103=DIRECTION('',(-0.00169096365502054,-0.935914135083777,0.352224179170457));
#3104=DIRECTION('',(-0.999987778125067,-5.38155497241399E-5,-0.00494375407744177));
#3105=DIRECTION('',(0.00169096365501972,0.935914135083777,-0.352224179170458));
#3106=DIRECTION('',(-0.999987778125067,-5.38155497165071E-5,-0.00494375407743552));
#3107=DIRECTION('',(-0.00169096365501947,-0.935914135083778,0.352224179170456));
#3108=DIRECTION('center_axis',(-0.00464588445928452,0.352228234039055,0.935902605458132));
#3109=DIRECTION('ref_axis',(6.50521303491303E-19,-0.935912705995995,0.352232035390386));
#3110=DIRECTION('',(0.999987778125067,5.38155497245254E-5,0.00494375407744231));
#3111=DIRECTION('center_axis',(0.00464588445928453,-0.352228234039056,-0.935902605458132));
#3112=DIRECTION('ref_axis',(-0.999987679240642,0.,-0.00496400714280086));
#3113=DIRECTION('center_axis',(0.00464588445928453,-0.352228234039056,-0.935902605458132));
#3114=DIRECTION('ref_axis',(-0.999987679240642,0.,-0.00496400714280086));
#3115=DIRECTION('center_axis',(-0.00464588445928453,0.352228234039055,0.935902605458132));
#3116=DIRECTION('ref_axis',(-2.40692882291782E-17,-0.935912705995995,0.352232035390386));
#3117=DIRECTION('center_axis',(-0.00464588445928453,0.352228234039055,0.935902605458132));
#3118=DIRECTION('ref_axis',(2.38524477946811E-18,-0.935912705995995,0.352232035390386));
#3119=DIRECTION('center_axis',(-0.00464588445928452,0.352228234039055,0.935902605458132));
#3120=DIRECTION('ref_axis',(0.999913023521403,0.0131888358958164,8.67361737988404E-19));
#3121=DIRECTION('',(-0.999989128426539,-0.00200937574216253,-0.00420778300975083));
#3122=DIRECTION('',(0.999987778125067,5.38155497245255E-5,0.00494375407744231));
#3123=DIRECTION('center_axis',(-0.00464588445928452,0.352228234039055,0.935902605458132));
#3124=DIRECTION('ref_axis',(6.50521303491303E-19,-0.935912705995995,0.352232035390386));
#3125=DIRECTION('',(-0.00169096365501891,-0.935914135083779,0.352224179170454));
#3126=DIRECTION('',(0.999987778125067,5.38155497245313E-5,0.00494375407744218));
#3127=DIRECTION('',(-0.00169096365501929,-0.935914135083777,0.352224179170459));
#3128=DIRECTION('center_axis',(-0.00464588445928453,0.352228234039055,0.935902605458132));
#3129=DIRECTION('ref_axis',(8.67361737988403E-19,-0.935912705995995,0.352232035390386));
#3130=DIRECTION('center_axis',(-0.00464588445928452,0.352228234039055,0.935902605458132));
#3131=DIRECTION('ref_axis',(-0.999987679240642,0.,-0.00496400714280086));
#3132=DIRECTION('center_axis',(-0.00464588445928452,0.352228234039055,0.935902605458132));
#3133=DIRECTION('ref_axis',(-0.999987679240642,0.,-0.00496400714280086));
#3134=DIRECTION('center_axis',(-0.00464588445928453,0.352228234039055,0.935902605458132));
#3135=DIRECTION('ref_axis',(-2.40692882291782E-17,-0.935912705995995,0.352232035390386));
#3136=DIRECTION('center_axis',(-0.00464588445928453,0.352228234039055,0.935902605458132));
#3137=DIRECTION('ref_axis',(2.38524477946811E-18,-0.935912705995995,0.352232035390386));
#3138=DIRECTION('center_axis',(-0.000398480013689627,0.935911979597898,
-0.352233740091467));
#3139=DIRECTION('ref_axis',(-0.999999360087246,-5.42101086242752E-20,0.00113129355124727));
#3140=DIRECTION('',(0.00464588445928297,-0.352228234039054,-0.935902605458132));
#3141=DIRECTION('center_axis',(0.00494404697506186,-0.0108847857370789,
-0.999928536365958));
#3142=DIRECTION('ref_axis',(0.,-0.999940757516836,0.0108849187711948));
#3143=DIRECTION('center_axis',(0.00494404697506186,-0.0108847857370778,
-0.999928536365958));
#3144=DIRECTION('ref_axis',(-6.7762635780344E-21,0.999940757516836,-0.0108849187711937));
#3145=DIRECTION('',(0.999987778125067,5.38155497248357E-5,0.00494375407744218));
#3146=DIRECTION('center_axis',(0.00494404697506186,-0.0108847857370778,
-0.999928536365958));
#3147=DIRECTION('ref_axis',(-6.7762635780344E-21,0.999940757516836,-0.0108849187711937));
#3148=DIRECTION('center_axis',(-0.0049440469750776,0.0108847857370024,0.999928536365958));
#3149=DIRECTION('ref_axis',(0.271409293267946,0.962420675064768,-0.00913453532864174));
#3150=DIRECTION('',(1.99438989711527E-16,0.999940757516836,-0.0108849187711948));
#3151=DIRECTION('',(-0.999987778125067,-5.38155497241444E-5,-0.00494375407744218));
#3152=DIRECTION('',(0.,0.999940757516836,-0.0108849187711948));
#3153=DIRECTION('center_axis',(-0.999987778125067,-5.38155497241444E-5,
-0.00494375407744178));
#3154=DIRECTION('ref_axis',(0.00349596914257059,0.699368184618613,-0.714753048641991));
#3155=DIRECTION('',(-0.707105700916271,0.70704478345127,-0.00944467712820498));
#3156=DIRECTION('center_axis',(0.707098139015817,-0.70702683708491,0.0111925619085246));
#3157=DIRECTION('ref_axis',(0.707098139015987,0.707102943765033,-0.00420103784242864));
#3158=DIRECTION('',(-0.999987778125067,-5.38155497241399E-5,-0.00494375407744246));
#3159=DIRECTION('center_axis',(-0.707098139015886,-0.70710294376513,0.0042010378430453));
#3160=DIRECTION('ref_axis',(0.707098139015926,-0.707026837084817,0.0111925619075891));
#3161=DIRECTION('center_axis',(-9.9097878855951E-17,-0.999940757516836,
0.0108849187712007));
#3162=DIRECTION('ref_axis',(5.77778983316171E-34,-0.0108849187712007,-0.999940757516836));
#3163=DIRECTION('',(-2.00639497698677E-16,-0.999940757516836,0.0108849187711943));
#3164=DIRECTION('center_axis',(0.00494404697521269,-0.0108847857367722,
-0.99992853636596));
#3165=DIRECTION('ref_axis',(-0.999987776676856,0.,-0.00494433988302483));
#3166=DIRECTION('center_axis',(-0.00494404697506186,0.0108847857370787,
0.999928536365958));
#3167=DIRECTION('ref_axis',(7.1052105171665E-15,0.999940757516836,-0.0108849187711945));
#3168=DIRECTION('center_axis',(1.99438989711527E-16,0.999940757516836,-0.0108849187712007));
#3169=DIRECTION('ref_axis',(-1.54074395550979E-33,0.0108849187712007,0.999940757516836));
#3170=DIRECTION('',(2.00639497698677E-16,0.999940757516836,-0.010884918771195));
#3171=DIRECTION('center_axis',(-0.00464588445928452,0.352228234039055,0.935902605458132));
#3172=DIRECTION('ref_axis',(6.50521303491303E-19,-0.935912705995995,0.352232035390386));
#3173=DIRECTION('',(-0.00464588445928465,0.352228234039049,0.935902605458134));
#3174=DIRECTION('center_axis',(3.7535100737097E-16,0.999940757516836,-0.0108849187711948));
#3175=DIRECTION('ref_axis',(-1.,4.93038065763132E-32,-3.44835836868417E-14));
#3176=DIRECTION('',(-0.00494404697505564,0.0108847857371101,0.999928536365957));
#3177=DIRECTION('',(0.00494404697506585,-0.010884785737068,-0.999928536365958));
#3178=DIRECTION('center_axis',(-0.00169096365501951,-0.935914135083776,
0.35222417917046));
#3179=DIRECTION('ref_axis',(-0.999998367829687,0.00180674789672609,0.));
#3180=DIRECTION('center_axis',(-0.00464588445928453,0.352228234039055,0.935902605458132));
#3181=DIRECTION('ref_axis',(8.67361737988403E-19,-0.935912705995995,0.352232035390386));
#3182=DIRECTION('',(0.00464588445928453,-0.352228234039055,-0.935902605458132));
#3183=DIRECTION('center_axis',(0.999987778125067,5.38155497245146E-5,0.00494375407744219));
#3184=DIRECTION('ref_axis',(0.,-0.999940757516836,0.0108849187711938));
#3185=DIRECTION('',(-5.18384163719632E-18,-0.999940757516836,0.0108849187711948));
#3186=DIRECTION('',(-0.00494404697506187,0.0108847857370784,0.999928536365958));
#3187=DIRECTION('',(0.,-0.999940757516836,0.0108849187711949));
#3188=DIRECTION('center_axis',(0.999987778125067,5.38155497245263E-5,0.00494375407744214));
#3189=DIRECTION('ref_axis',(0.00494375408460097,-5.29395592033938E-23,-0.999987779573106));
#3190=DIRECTION('center_axis',(0.999987778125067,5.38155497245263E-5,0.00494375407744218));
#3191=DIRECTION('ref_axis',(0.00494375408460102,-4.2351647362715E-22,-0.999987779573106));
#3192=DIRECTION('',(0.999987778125067,5.38155497245263E-5,0.00494375407744218));
#3193=DIRECTION('center_axis',(-0.999987778125067,-5.38155497245263E-5,
-0.00494375407744214));
#3194=DIRECTION('ref_axis',(0.00494375408460097,2.77555745568377E-15,-0.999987779573106));
#3195=DIRECTION('center_axis',(-0.999987778125067,-5.38155497244207E-5,
-0.00494375407744217));
#3196=DIRECTION('ref_axis',(-0.00494375408460101,-5.29395592033938E-23,
0.999987779573106));
#3197=DIRECTION('',(0.,0.999940757516836,-0.0108849187711972));
#3198=DIRECTION('center_axis',(0.00494404697506186,-0.0108847857370787,
-0.999928536365958));
#3199=DIRECTION('ref_axis',(-4.74338450462408E-20,0.999940757516836,-0.0108849187711945));
#3200=DIRECTION('',(0.00494404697506186,-0.0108847857370784,-0.999928536365958));
#3201=DIRECTION('center_axis',(-0.00494404697506186,0.0108847857370786,
0.999928536365958));
#3202=DIRECTION('ref_axis',(-5.32892821666561E-15,0.999940757516836,-0.0108849187711945));
#3203=DIRECTION('',(0.00494404697506176,-0.010884785737082,-0.999928536365958));
#3204=DIRECTION('center_axis',(0.999987778125067,5.38155497243202E-5,0.00494375407744218));
#3205=DIRECTION('ref_axis',(6.7762635780344E-21,-0.999940757516837,0.0108849187711545));
#3206=DIRECTION('center_axis',(0.999987778125067,5.38155497245263E-5,0.00494375407744214));
#3207=DIRECTION('ref_axis',(0.00494375408460097,-5.29395592033938E-23,-0.999987779573106));
#3208=DIRECTION('',(0.,-0.999940757516836,0.0108849187711947));
#3209=DIRECTION('center_axis',(0.999987778125067,5.38155497245263E-5,0.00494375407744218));
#3210=DIRECTION('ref_axis',(0.00494375408460102,-4.2351647362715E-22,-0.999987779573106));
#3211=DIRECTION('',(0.999987778125067,5.38155497245263E-5,0.00494375407744218));
#3212=DIRECTION('center_axis',(-0.999987778125067,-5.38155497245263E-5,
-0.00494375407744214));
#3213=DIRECTION('ref_axis',(0.00494375408460098,-8.32667273762823E-15,-0.999987779573106));
#3214=DIRECTION('center_axis',(0.999987778125067,5.38155497245146E-5,0.00494375407744219));
#3215=DIRECTION('ref_axis',(0.,-0.999940757516836,0.0108849187711938));
#3216=DIRECTION('',(0.,-0.999940757516836,0.0108849187711923));
#3217=DIRECTION('',(0.00494404697506187,-0.0108847857370784,-0.999928536365958));
#3218=DIRECTION('',(-5.18384163719632E-18,-0.999940757516836,0.0108849187711948));
#3219=DIRECTION('center_axis',(0.00494404697506186,-0.0108847857370787,
-0.999928536365958));
#3220=DIRECTION('ref_axis',(1.35525271560688E-20,0.999940757516836,-0.0108849187711946));
#3221=DIRECTION('',(-0.00494404697506186,0.0108847857370784,0.999928536365958));
#3222=DIRECTION('center_axis',(-0.00494404697506183,0.0108847857370748,
0.999928536365958));
#3223=DIRECTION('ref_axis',(2.71050543121376E-20,-0.999940757516836,0.0108849187711907));
#3224=DIRECTION('',(0.00494404697506186,-0.0108847857370784,-0.999928536365958));
#3225=DIRECTION('center_axis',(-0.00494404697506186,0.0108847857370784,
0.999928536365958));
#3226=DIRECTION('ref_axis',(0.910479343955834,0.41355454807045,0.));
#3227=DIRECTION('',(-0.999987778125067,-5.38155497245018E-5,-0.00494375407744218));
#3228=DIRECTION('center_axis',(-0.00494404697506186,0.0108847857370848,
0.999928536365958));
#3229=DIRECTION('ref_axis',(3.3881317890172E-20,-0.999940757516836,0.0108849187712007));
#3230=DIRECTION('center_axis',(-0.00494404697506186,0.0108847857370786,
0.999928536365958));
#3231=DIRECTION('ref_axis',(5.42101086242752E-20,-0.999940757516836,0.0108849187711945));
#3232=DIRECTION('center_axis',(0.00494404697506186,-0.0108847857370848,
-0.999928536365958));
#3233=DIRECTION('ref_axis',(3.3881317890172E-20,-0.999940757516836,0.0108849187712007));
#3234=DIRECTION('center_axis',(-0.00494404697506186,0.0108847857370778,
0.999928536365958));
#3235=DIRECTION('ref_axis',(6.7762635780344E-21,-0.999940757516836,0.0108849187711937));
#3236=DIRECTION('',(0.999987778125067,5.38155497248338E-5,0.004943754077442));
#3237=DIRECTION('center_axis',(-0.00494404697506186,0.0108847857370778,
0.999928536365958));
#3238=DIRECTION('ref_axis',(6.7762635780344E-21,-0.999940757516836,0.0108849187711937));
#3239=DIRECTION('center_axis',(0.00494404697506186,-0.0108847857370846,
-0.999928536365958));
#3240=DIRECTION('ref_axis',(3.98986873813116E-14,-0.999940757516836,0.0108849187712007));
#3241=DIRECTION('center_axis',(-0.00494404697506186,0.0108847857370786,
0.999928536365958));
#3242=DIRECTION('ref_axis',(5.42101086242752E-20,-0.999940757516836,0.0108849187711945));
#3243=DIRECTION('center_axis',(-0.00494404697506186,0.0108847857370848,
0.999928536365958));
#3244=DIRECTION('ref_axis',(3.3881317890172E-20,-0.999940757516836,0.0108849187712007));
#3245=DIRECTION('',(-0.999987778125067,-5.38155497245018E-5,-0.00494375407744218));
#3246=DIRECTION('center_axis',(0.00494404697506186,-0.0108847857370784,
-0.999928536365958));
#3247=DIRECTION('ref_axis',(-8.88212301018015E-16,-0.999940757516836,0.0108849187711943));
#3248=DIRECTION('center_axis',(0.00494404697506186,-0.0108847857370789,
-0.999928536365958));
#3249=DIRECTION('ref_axis',(0.,-0.999940757516836,0.0108849187711948));
#3250=DIRECTION('center_axis',(-0.00494404697506186,0.0108847857370789,
0.999928536365958));
#3251=DIRECTION('ref_axis',(-0.707098139015905,0.707026837084823,-0.0111925619084529));
#3252=DIRECTION('',(-0.999987778125067,-5.38155497248403E-5,-0.00494375407744217));
#3253=DIRECTION('center_axis',(-0.00494404697506186,0.0108847857370789,
0.999928536365958));
#3254=DIRECTION('ref_axis',(0.707098139015905,0.707102943765111,-0.00420103784310315));
#3255=DIRECTION('',(-6.97373356282623E-15,-0.999940757516836,0.0108849187711938));
#3256=DIRECTION('center_axis',(-0.00494404697506186,0.0108847857370848,
0.999928536365958));
#3257=DIRECTION('ref_axis',(-5.20417042793042E-15,0.999940757516836,-0.0108849187712007));
#3258=DIRECTION('center_axis',(0.004944046975062,-0.0108847857370787,-0.999928536365958));
#3259=DIRECTION('ref_axis',(-6.7762635780344E-21,0.999940757516836,-0.0108849187711946));
#3260=DIRECTION('center_axis',(0.00494404697506186,-0.0108847857370848,
-0.999928536365958));
#3261=DIRECTION('ref_axis',(-3.3881317890172E-20,0.999940757516836,-0.0108849187712007));
#3262=DIRECTION('',(0.999987778125067,5.38155497245034E-5,0.00494375407744233));
#3263=DIRECTION('center_axis',(-0.00494404697506186,0.0108847857370792,
0.999928536365958));
#3264=DIRECTION('ref_axis',(8.88212301018015E-16,0.999940757516836,-0.0108849187711951));
#3265=DIRECTION('',(0.999987778125067,5.38155497245034E-5,0.00494375407744233));
#3266=DIRECTION('center_axis',(0.00494404697506186,-0.0108847857370848,
-0.999928536365958));
#3267=DIRECTION('ref_axis',(-3.3881317890172E-20,0.999940757516836,-0.0108849187712007));
#3268=DIRECTION('center_axis',(0.004944046975062,-0.0108847857370787,-0.999928536365958));
#3269=DIRECTION('ref_axis',(-6.7762635780344E-21,0.999940757516836,-0.0108849187711946));
#3270=DIRECTION('center_axis',(-0.00494404697506186,0.0108847857370849,
0.999928536365958));
#3271=DIRECTION('ref_axis',(6.93888712764365E-15,0.999940757516836,-0.0108849187712007));
#3272=DIRECTION('',(0.,0.999940757516836,-0.0108849187711938));
#3273=DIRECTION('center_axis',(-0.00494404697506186,0.0108847857370789,
0.999928536365958));
#3274=DIRECTION('ref_axis',(-8.94466792300541E-19,0.999940757516836,-0.0108849187711949));
#3275=DIRECTION('center_axis',(-0.00494404697506186,0.0108847857370789,
0.999928536365958));
#3276=DIRECTION('ref_axis',(-6.7762635780344E-21,0.999940757516836,-0.010884918771195));
#3277=DIRECTION('center_axis',(0.00494404697506186,-0.010884785737079,-0.999928536365958));
#3278=DIRECTION('ref_axis',(-8.94466792300541E-19,0.999940757516836,-0.0108849187711949));
#3279=DIRECTION('center_axis',(-0.00494404697506558,0.0108847857370871,
0.999928536365958));
#3280=DIRECTION('ref_axis',(-8.94466792300541E-19,0.999940757516836,-0.0108849187711949));
#3281=DIRECTION('',(0.00494404697506186,-0.010884785737079,-0.999928536365958));
#3282=DIRECTION('center_axis',(0.00494404697506186,-0.0108847857370792,
-0.999928536365958));
#3283=DIRECTION('ref_axis',(-6.7762635780344E-21,0.999940757516836,-0.010884918771195));
#3284=DIRECTION('center_axis',(-0.00494404697506558,0.0108847857370871,
0.999928536365958));
#3285=DIRECTION('ref_axis',(-6.7762635780344E-21,0.999940757516836,-0.010884918771195));
#3286=DIRECTION('',(0.00494404697506186,-0.0108847857370792,-0.999928536365958));
#3287=DIRECTION('center_axis',(-0.00494404697506186,0.0108847857370848,
0.999928536365958));
#3288=DIRECTION('ref_axis',(3.3881317890172E-20,-0.999940757516836,0.0108849187712007));
#3289=DIRECTION('center_axis',(0.00494404697506186,-0.0108847857370789,
-0.999928536365958));
#3290=DIRECTION('ref_axis',(3.3881317890172E-20,-0.999940757516836,0.0108849187712007));
#3291=DIRECTION('',(0.00494404697506186,-0.0108847857370784,-0.999928536365958));
#3292=DIRECTION('center_axis',(-0.00494404697506186,0.0108847857370848,
0.999928536365958));
#3293=DIRECTION('ref_axis',(3.3881317890172E-20,-0.999940757516836,0.0108849187712007));
#3294=DIRECTION('',(-0.00494404697506186,0.0108847857370784,0.999928536365958));
#3295=DIRECTION('center_axis',(0.00494404697506186,-0.0108847857370789,
-0.999928536365958));
#3296=DIRECTION('ref_axis',(3.3881317890172E-20,-0.999940757516836,0.0108849187712007));
#3297=DIRECTION('center_axis',(0.00494404697506186,-0.0108847857370848,
-0.999928536365958));
#3298=DIRECTION('ref_axis',(-3.3881317890172E-20,0.999940757516836,-0.0108849187712007));
#3299=DIRECTION('center_axis',(0.004944046975062,-0.0108847857370791,-0.999928536365958));
#3300=DIRECTION('ref_axis',(-3.3881317890172E-20,0.999940757516836,-0.0108849187712007));
#3301=DIRECTION('',(-0.00494404697506186,0.0108847857370789,0.999928536365958));
#3302=DIRECTION('',(0.00494404697506186,-0.0108847857370789,-0.999928536365958));
#3303=DIRECTION('center_axis',(-3.18533798422873E-16,0.999940757516836,
-0.0108849187711943));
#3304=DIRECTION('ref_axis',(-1.,0.,2.9263773586059E-14));
#3305=DIRECTION('',(0.999987778125067,5.38155497248357E-5,0.00494375407744217));
#3306=DIRECTION('',(-0.00494404697506186,0.0108847857370784,0.999928536365958));
#3307=DIRECTION('',(-0.00494404697506186,0.0108847857370784,0.999928536365958));
#3308=DIRECTION('center_axis',(0.00494404697506187,-0.0108847857370719,
-0.999928536365958));
#3309=DIRECTION('ref_axis',(2.71050543121376E-20,0.999940757516836,-0.0108849187711878));
#3310=DIRECTION('center_axis',(0.00494404697506187,-0.0108847857370719,
-0.999928536365958));
#3311=DIRECTION('ref_axis',(2.71050543121376E-20,0.999940757516836,-0.0108849187711878));
#3312=DIRECTION('center_axis',(2.97286473574911E-10,0.999940757513263,-0.0108849190994701));
#3313=DIRECTION('ref_axis',(-0.670575329898885,0.00807488429381002,0.741797494721196));
#3314=DIRECTION('center_axis',(3.41547802318958E-10,0.999940757521024,-0.010884918386493));
#3315=DIRECTION('ref_axis',(0.66462482802351,0.00813296312350598,0.747132982062465));
#3316=DIRECTION('center_axis',(-0.00494404697506184,0.0108847857370747,
0.999928536365958));
#3317=DIRECTION('ref_axis',(3.43018125165279E-15,0.999940757516836,-0.0108849187711905));
#3318=DIRECTION('center_axis',(1.14071971768782E-10,0.999940757518234,-0.0108849186428267));
#3319=DIRECTION('ref_axis',(-0.664624828018464,-0.00813296346625295,-0.747132982063223));
#3320=DIRECTION('center_axis',(-5.20350865656406E-10,0.99994075752309,-0.0108849181967186));
#3321=DIRECTION('ref_axis',(0.670575329897326,-0.00807488307587033,-0.741797494735864));
#3322=DIRECTION('center_axis',(1.80067258390623E-17,0.999940757516836,-0.0108849187711948));
#3323=DIRECTION('ref_axis',(-1.,0.,-1.65428205920233E-15));
#3324=DIRECTION('',(-0.00494404697506186,0.0108847857370789,0.999928536365958));
#3325=DIRECTION('',(0.00494404697506186,-0.0108847857370789,-0.999928536365958));
#3326=DIRECTION('',(-0.00494404697506186,0.0108847857370789,0.999928536365958));
#3327=DIRECTION('',(-0.00494404697505847,0.0108847857370699,0.999928536365958));
#3328=DIRECTION('center_axis',(0.00494404697506186,-0.010884785737071,-0.999928536365958));
#3329=DIRECTION('ref_axis',(-8.13151629364128E-20,0.999940757516836,-0.0108849187711868));
#3330=DIRECTION('center_axis',(-0.00494404697506186,0.0108847857370848,
0.999928536365958));
#3331=DIRECTION('ref_axis',(3.3881317890172E-20,-0.999940757516836,0.0108849187712007));
#3332=DIRECTION('',(0.00494404697506186,-0.0108847857370784,-0.999928536365958));
#3333=DIRECTION('',(-0.00494404697506186,0.0108847857370789,0.999928536365958));
#3334=DIRECTION('center_axis',(-0.00494404697506186,0.0108847857370848,
0.999928536365958));
#3335=DIRECTION('ref_axis',(3.3881317890172E-20,-0.999940757516836,0.0108849187712007));
#3336=DIRECTION('',(-0.00494404697506186,0.0108847857370784,0.999928536365958));
#3337=DIRECTION('center_axis',(-0.00464588445928453,0.352228234039055,0.935902605458132));
#3338=DIRECTION('ref_axis',(2.38524477946811E-18,-0.935912705995995,0.352232035390386));
#3339=DIRECTION('',(-0.00464588445928453,0.352228234039055,0.935902605458132));
#3340=DIRECTION('center_axis',(-0.00464588445928453,0.352228234039055,0.935902605458132));
#3341=DIRECTION('ref_axis',(-2.40692882291782E-17,-0.935912705995995,0.352232035390386));
#3342=DIRECTION('',(-0.00464588445928453,0.352228234039055,0.935902605458132));
#3343=DIRECTION('center_axis',(0.004944046975062,-0.0108847857370791,-0.999928536365958));
#3344=DIRECTION('ref_axis',(6.7762635780344E-21,-0.999940757516836,0.0108849187711949));
#3345=DIRECTION('',(-0.999987778125067,-5.38155497253745E-5,-0.00494375407744231));
#3346=DIRECTION('center_axis',(0.004944046975062,-0.0108847857370791,-0.999928536365958));
#3347=DIRECTION('ref_axis',(5.42101086242752E-20,-0.999940757516836,0.0108849187711945));
#3348=DIRECTION('',(-6.97936174999525E-15,-0.999940757516836,0.0108849187711949));
#3349=DIRECTION('center_axis',(-0.004944046975062,0.0108847857370791,0.999928536365958));
#3350=DIRECTION('ref_axis',(0.608427207985574,0.793589712375376,-0.00563036365141719));
#3351=DIRECTION('center_axis',(0.00494404697506186,-0.0108847857370848,
-0.999928536365958));
#3352=DIRECTION('ref_axis',(-3.3881317890172E-20,0.999940757516836,-0.0108849187712007));
#3353=DIRECTION('',(-0.00494404697506186,0.0108847857370789,0.999928536365958));
#3354=DIRECTION('',(0.00494404697506186,-0.0108847857370789,-0.999928536365958));
#3355=DIRECTION('center_axis',(0.004944046975062,-0.0108847857370791,-0.999928536365958));
#3356=DIRECTION('ref_axis',(-3.3881317890172E-20,0.999940757516836,-0.0108849187712007));
#3357=DIRECTION('center_axis',(0.004944046975062,-0.0108847857370791,-0.999928536365958));
#3358=DIRECTION('ref_axis',(6.7762635780344E-21,-0.999940757516836,0.0108849187711949));
#3359=DIRECTION('',(-5.75124748697527E-18,-0.999940757516836,0.0108849187711949));
#3360=DIRECTION('center_axis',(0.004944046975062,-0.0108847857370791,-0.999928536365958));
#3361=DIRECTION('ref_axis',(5.42101086242752E-20,-0.999940757516836,0.0108849187711945));
#3362=DIRECTION('',(-0.999987778125067,-5.38155497253348E-5,-0.00494375407744231));
#3363=DIRECTION('center_axis',(-0.004944046975062,0.0108847857370791,0.999928536365958));
#3364=DIRECTION('ref_axis',(-0.608427207985568,0.793524225885682,-0.0116462661576363));
#3365=DIRECTION('center_axis',(-8.1351664511223E-16,0.999940757516836,-0.0108849187711948));
#3366=DIRECTION('ref_axis',(-1.,0.,7.47379619648674E-14));
#3367=DIRECTION('',(-0.00494404697506186,0.0108847857370789,0.999928536365958));
#3368=DIRECTION('',(0.999987778125067,5.38155497253348E-5,0.00494375407744231));
#3369=DIRECTION('',(0.00494404697506186,-0.0108847857370789,-0.999928536365958));
#3370=DIRECTION('',(-0.999987778125067,-5.38155497253333E-5,-0.00494375407744217));
#3371=DIRECTION('center_axis',(-5.75982404132924E-18,-0.999940757516836,
0.0108849187711949));
#3372=DIRECTION('ref_axis',(0.71059410815847,-0.00765865246630913,-0.703560486733635));
#3373=DIRECTION('',(5.76660022208863E-18,0.999940757516836,-0.0108849187711949));
#3374=DIRECTION('center_axis',(0.00494404697506187,-0.0108847857370789,
-0.999928536365958));
#3375=DIRECTION('ref_axis',(0.707098139015905,0.707102943765111,-0.00420103784310315));
#3376=DIRECTION('',(-0.00494404697506186,0.0108847857370789,0.999928536365958));
#3377=DIRECTION('center_axis',(0.00494404697506186,-0.0108847857370789,
-0.999928536365958));
#3378=DIRECTION('ref_axis',(0.707098139015905,0.707102943765111,-0.00420103784310315));
#3379=DIRECTION('',(0.00494404697506186,-0.0108847857370789,-0.999928536365958));
#3380=DIRECTION('center_axis',(-3.20538443064709E-16,0.999940757516836,
-0.0108849187711948));
#3381=DIRECTION('ref_axis',(-1.,0.,2.94479407520212E-14));
#3382=DIRECTION('',(0.00494404697506185,-0.0108847857370789,-0.999928536365958));
#3383=DIRECTION('',(0.999987778125067,5.38155497248403E-5,0.00494375407744217));
#3384=DIRECTION('center_axis',(-0.00494404697506186,0.0108847857370789,
0.999928536365958));
#3385=DIRECTION('ref_axis',(-0.707098139015905,0.707026837084823,-0.0111925619084529));
#3386=DIRECTION('center_axis',(0.00494404697506186,-0.0108847857370789,
-0.999928536365958));
#3387=DIRECTION('ref_axis',(-0.707098139015905,0.707026837084823,-0.0111925619084529));
#3388=DIRECTION('',(-0.00494404697506185,0.0108847857370789,0.999928536365958));
#3389=DIRECTION('center_axis',(-0.999987778125067,-5.38155497245146E-5,
-0.00494375407744217));
#3390=DIRECTION('ref_axis',(-0.00494375408460101,-5.29395592033938E-23,
0.999987779573106));
#3391=DIRECTION('',(5.06864515636973E-18,0.999940757516836,-0.0108849187711948));
#3392=DIRECTION('',(0.00494404697506186,-0.0108847857370789,-0.999928536365958));
#3393=DIRECTION('center_axis',(0.999987778125067,5.38155497175414E-5,0.00494375407744226));
#3394=DIRECTION('ref_axis',(0.,-0.999940757516852,0.0108849187697833));
#3395=DIRECTION('',(-6.97867057111029E-15,-0.999940757516836,0.0108849187711948));
#3396=DIRECTION('',(0.00494404697506186,-0.0108847857370789,-0.999928536365958));
#3397=DIRECTION('center_axis',(0.00494404697506186,-0.0108847857370789,
-0.999928536365958));
#3398=DIRECTION('ref_axis',(0.,-0.999940757516836,0.0108849187711948));
#3399=DIRECTION('center_axis',(-0.00494404697506186,0.0108847857370789,
0.999928536365958));
#3400=DIRECTION('ref_axis',(5.65171915176517E-15,0.999940757516836,-0.0108849187711948));
#3401=DIRECTION('center_axis',(0.00494404697506186,-0.0108847857370789,
-0.999928536365958));
#3402=DIRECTION('ref_axis',(-0.910479343955841,-0.413554548070434,1.27092779622745E-15));
#3403=DIRECTION('center_axis',(0.00494404697506186,-0.0108847857370789,
-0.999928536365958));
#3404=DIRECTION('ref_axis',(-0.910479343955841,-0.413554548070434,1.27092779622745E-15));
#3405=DIRECTION('center_axis',(-0.00494404697506186,0.0108847857370789,
0.999928536365958));
#3406=DIRECTION('ref_axis',(0.999987776676857,0.,0.00494433988287443));
#3407=DIRECTION('center_axis',(0.00494404697506186,-0.0108847857370789,
-0.999928536365958));
#3408=DIRECTION('ref_axis',(5.65170875594171E-15,0.999940757516836,-0.0108849187711948));
#3409=DIRECTION('center_axis',(-0.00494404697506186,0.0108847857370786,
0.999928536365958));
#3410=DIRECTION('ref_axis',(5.42101086242752E-20,-0.999940757516836,0.0108849187711945));
#3411=DIRECTION('center_axis',(0.00494404697506186,-0.0108847857370789,
-0.999928536365958));
#3412=DIRECTION('ref_axis',(5.42101086242752E-20,-0.999940757516836,0.0108849187711945));
#3413=DIRECTION('center_axis',(-0.00494404697506186,0.0108847857370786,
0.999928536365958));
#3414=DIRECTION('ref_axis',(5.42101086242752E-20,-0.999940757516836,0.0108849187711945));
#3415=DIRECTION('center_axis',(0.00494404697506186,-0.0108847857370789,
-0.999928536365958));
#3416=DIRECTION('ref_axis',(5.42101086242752E-20,-0.999940757516836,0.0108849187711945));
#3417=DIRECTION('',(0.00494404697506186,-0.0108847857370789,-0.999928536365958));
#3418=DIRECTION('center_axis',(0.999987778125067,5.38155497253348E-5,0.00494375407744231));
#3419=DIRECTION('ref_axis',(0.00349596914257188,-0.714761596231403,-0.699359448890548));
#3420=DIRECTION('center_axis',(-0.999987778125067,-5.38155497253348E-5,
-0.00494375407744231));
#3421=DIRECTION('ref_axis',(0.00349596914257959,-0.71476159623141,-0.699359448890541));
#3422=DIRECTION('center_axis',(-0.00494404697506186,0.0108847857370778,
0.999928536365958));
#3423=DIRECTION('ref_axis',(6.7762635780344E-21,-0.999940757516836,0.0108849187711937));
#3424=DIRECTION('center_axis',(0.00494404697506186,-0.0108847857370789,
-0.999928536365958));
#3425=DIRECTION('ref_axis',(6.7762635780344E-21,-0.999940757516836,0.0108849187711937));
#3426=DIRECTION('',(-0.00494404697506186,0.0108847857370784,0.999928536365958));
#3427=DIRECTION('center_axis',(3.18533798422874E-16,-0.999940757516836,
0.0108849187711943));
#3428=DIRECTION('ref_axis',(-1.,-3.18552670274079E-16,3.85185988877447E-34));
#3429=DIRECTION('',(-0.00494404697506186,0.0108847857370784,0.999928536365958));
#3430=DIRECTION('center_axis',(-0.00494404697506186,0.0108847857370778,
0.999928536365958));
#3431=DIRECTION('ref_axis',(6.7762635780344E-21,-0.999940757516836,0.0108849187711937));
#3432=DIRECTION('center_axis',(0.00494404697506186,-0.0108847857370789,
-0.999928536365958));
#3433=DIRECTION('ref_axis',(6.7762635780344E-21,-0.999940757516836,0.0108849187711937));
#3434=DIRECTION('center_axis',(-8.1351664511223E-16,0.999940757516836,-0.0108849187711948));
#3435=DIRECTION('ref_axis',(-1.,0.,7.47379619648674E-14));
#3436=DIRECTION('',(-0.999987778125067,-5.38155497252943E-5,-0.00494375407743859));
#3437=DIRECTION('',(0.00494404697506186,-0.0108847857370789,-0.999928536365958));
#3438=DIRECTION('',(-0.999987778125067,-5.38155497253333E-5,-0.00494375407744217));
#3439=DIRECTION('',(0.999987778125067,5.38155497253348E-5,0.00494375407744231));
#3440=DIRECTION('',(0.00494404697506186,-0.0108847857370789,-0.999928536365958));
#3441=DIRECTION('',(0.999987778125067,5.38155497252943E-5,0.00494375407743859));
#3442=DIRECTION('',(-0.00494404697505847,0.0108847857370699,0.999928536365958));
#3443=DIRECTION('center_axis',(0.00494404697506186,-0.0108847857370789,
-0.999928536365958));
#3444=DIRECTION('ref_axis',(0.,-0.999940757516836,0.0108849187711948));
#3445=DIRECTION('',(0.999987778125067,5.38155497253333E-5,0.00494375407744217));
#3446=DIRECTION('center_axis',(0.00494404697506186,-0.0108847857370789,
-0.999928536365958));
#3447=DIRECTION('ref_axis',(0.467701457088163,0.883856282949855,-0.00730877059943884));
#3448=DIRECTION('center_axis',(0.00494404697506186,-0.0108847857370789,
-0.999928536365958));
#3449=DIRECTION('ref_axis',(-0.467701457088163,0.883805943112568,-0.0119332290900026));
#3450=DIRECTION('',(0.999987778125067,5.38155497253333E-5,0.00494375407744217));
#3451=DIRECTION('center_axis',(-0.00494404697506186,0.0108847857370789,
0.999928536365958));
#3452=DIRECTION('ref_axis',(0.999987776676857,0.,0.0049443398828741));
#3453=DIRECTION('center_axis',(-0.00494404697506186,0.0108847857370789,
0.999928536365958));
#3454=DIRECTION('ref_axis',(-0.467701457088163,0.883805943112568,-0.0119332290900027));
#3455=DIRECTION('center_axis',(-0.004944046975062,0.0108847857370791,0.999928536365958));
#3456=DIRECTION('ref_axis',(0.999987776676857,0.,0.00494433988287443));
#3457=DIRECTION('center_axis',(0.575750538920497,0.817603005221905,-0.00605332841233857));
#3458=DIRECTION('ref_axis',(0.817610465522712,-0.575679465754658,0.0103091889189266));
#3459=DIRECTION('center_axis',(0.004944046975062,-0.0108847857370791,-0.999928536365958));
#3460=DIRECTION('ref_axis',(-0.608427207985568,0.793524225885683,-0.0116462661576363));
#3461=DIRECTION('center_axis',(0.00494404697507081,-0.010884785737063,-0.999928536365958));
#3462=DIRECTION('ref_axis',(0.817610465522717,-0.575679465754651,0.0103091889189243));
#3463=DIRECTION('center_axis',(0.999987778125067,5.3815549724404E-5,0.00494375407743078));
#3464=DIRECTION('ref_axis',(-0.00494404697505046,0.0108847857370972,0.999928536365958));
#3465=DIRECTION('center_axis',(0.999987778125067,5.38155497253333E-5,0.00494375407744217));
#3466=DIRECTION('ref_axis',(-0.00349596914257246,-0.699368184618524,0.714753048642078));
#3467=DIRECTION('center_axis',(0.,0.,1.));
#3468=DIRECTION('ref_axis',(1.,0.,0.));
#3469=DIRECTION('center_axis',(-0.00494404697510834,0.0108847857370098,
0.999928536365958));
#3470=DIRECTION('ref_axis',(-8.88178419700133E-15,-0.999940757516837,0.0108849187711258));
#3471=DIRECTION('center_axis',(-0.999987778125067,-5.38155497253745E-5,
-0.00494375407744231));
#3472=DIRECTION('ref_axis',(0.00349596914257168,-0.714761596231403,-0.699359448890548));
#3473=DIRECTION('center_axis',(0.999987778125067,5.38155497253745E-5,0.00494375407744231));
#3474=DIRECTION('ref_axis',(0.00349596914256627,-0.71476159623141,-0.699359448890541));
#3475=DIRECTION('center_axis',(-0.004944046975062,0.0108847857370791,0.999928536365958));
#3476=DIRECTION('ref_axis',(0.999987776676857,0.,0.00494433988287443));
#3477=DIRECTION('center_axis',(-0.575750538920498,0.817541035801009,-0.0117461361378782));
#3478=DIRECTION('ref_axis',(-0.817610465522711,-0.575767467143526,0.00222495996911608));
#3479=DIRECTION('center_axis',(0.004944046975062,-0.0108847857370791,-0.999928536365958));
#3480=DIRECTION('ref_axis',(0.608427207985574,0.793589712375376,-0.00563036365141718));
#3481=DIRECTION('center_axis',(-0.00494404697506186,0.0108847857370789,
0.999928536365958));
#3482=DIRECTION('ref_axis',(0.999987776676857,0.,0.0049443398828741));
#3483=DIRECTION('center_axis',(-0.00494404697506186,0.0108847857370789,
0.999928536365958));
#3484=DIRECTION('ref_axis',(0.467701457088163,0.883856282949855,-0.00730877059943885));
#3485=DIRECTION('center_axis',(0.999987778125067,5.38155497253333E-5,0.00494375407744217));
#3486=DIRECTION('ref_axis',(-0.00349596914257246,-0.699368184618524,0.714753048642078));
#3487=DIRECTION('center_axis',(0.999987778125067,5.3815549720061E-5,0.00494375407743971));
#3488=DIRECTION('ref_axis',(-0.00494404697505934,0.0108847857370795,0.999928536365958));
#3489=DIRECTION('center_axis',(-0.00494404697508164,0.010884785737081,0.999928536365958));
#3490=DIRECTION('ref_axis',(-0.817610465522707,-0.575767467143532,0.00222495996910154));
#3491=DIRECTION('center_axis',(0.,0.,1.));
#3492=DIRECTION('ref_axis',(1.,0.,0.));
#3493=DIRECTION('center_axis',(0.00494404697497303,-0.010884785737081,-0.999928536365958));
#3494=DIRECTION('ref_axis',(4.44089209850066E-15,-0.999940757516836,0.0108849187711969));
#3495=DIRECTION('center_axis',(-0.00494404697506558,0.0108847857370871,
0.999928536365958));
#3496=DIRECTION('ref_axis',(-0.910479343955841,-0.413554548070434,1.35652886112378E-18));
#3497=DIRECTION('center_axis',(0.00494404697506558,-0.0108847857370871,
-0.999928536365958));
#3498=DIRECTION('ref_axis',(-0.910479343955841,-0.413554548070434,1.35652886112378E-18));
#3499=DIRECTION('center_axis',(0.00494404697506568,-0.0108847857370904,
-0.999928536365957));
#3500=DIRECTION('ref_axis',(-0.910479343955841,-0.413554548070434,1.27092779622745E-15));
#3501=DIRECTION('',(0.00494404697506568,-0.0108847857370904,-0.999928536365957));
#3502=DIRECTION('center_axis',(-0.00494404697506558,0.0108847857370871,
0.999928536365958));
#3503=DIRECTION('ref_axis',(-0.910479343955841,-0.413554548070434,1.35652886112378E-18));
#3504=DIRECTION('center_axis',(0.00494404697506558,-0.0108847857370871,
-0.999928536365958));
#3505=DIRECTION('ref_axis',(-0.910479343955841,-0.413554548070434,1.35652886112378E-18));
#3506=DIRECTION('center_axis',(0.00494404697506568,-0.0108847857370904,
-0.999928536365957));
#3507=DIRECTION('ref_axis',(-0.910479343955841,-0.413554548070434,1.27092779622745E-15));
#3508=DIRECTION('',(0.00494404697506568,-0.0108847857370904,-0.999928536365957));
#3509=DIRECTION('center_axis',(-0.00464588445928452,0.352228234039055,0.935902605458132));
#3510=DIRECTION('ref_axis',(-0.999987679240642,0.,-0.00496400714280086));
#3511=DIRECTION('',(-0.00464588445928452,0.352228234039055,0.935902605458132));
#3512=DIRECTION('center_axis',(-0.00464588445928452,0.352228234039055,0.935902605458132));
#3513=DIRECTION('ref_axis',(-0.999987679240642,0.,-0.00496400714280086));
#3514=DIRECTION('',(-0.00464588445928452,0.352228234039055,0.935902605458132));
#3515=DIRECTION('center_axis',(0.00494404697506186,-0.010884785737071,-0.999928536365958));
#3516=DIRECTION('ref_axis',(-8.13151629364128E-20,0.999940757516836,-0.0108849187711868));
#3517=DIRECTION('',(0.00494404697506186,-0.0108847857370784,-0.999928536365958));
#3518=DIRECTION('center_axis',(0.00494404697506186,-0.0108847857370787,
-0.999928536365958));
#3519=DIRECTION('ref_axis',(1.35525271560688E-20,0.999940757516836,-0.0108849187711946));
#3520=DIRECTION('',(-0.00494404697506186,0.0108847857370784,0.999928536365958));
#3521=DIRECTION('center_axis',(0.00494404697506186,-0.010884785737071,-0.999928536365958));
#3522=DIRECTION('ref_axis',(-8.13151629364128E-20,0.999940757516836,-0.0108849187711868));
#3523=DIRECTION('',(0.00494404697506186,-0.0108847857370789,-0.999928536365958));
#3524=DIRECTION('center_axis',(0.00494404697506186,-0.010884785737071,-0.999928536365958));
#3525=DIRECTION('ref_axis',(-8.13151629364128E-20,0.999940757516836,-0.0108849187711868));
#3526=DIRECTION('',(0.00494404697506186,-0.0108847857370789,-0.999928536365958));
#3527=DIRECTION('center_axis',(1.80067258390623E-17,0.999940757516836,-0.0108849187711948));
#3528=DIRECTION('ref_axis',(-1.,0.,-1.65428205920233E-15));
#3529=DIRECTION('',(0.00494404697505847,-0.0108847857370699,-0.999928536365958));
#3530=DIRECTION('center_axis',(0.00494404697506186,-0.0108847857370787,
-0.999928536365958));
#3531=DIRECTION('ref_axis',(-0.460560557489512,-0.887597565090385,0.00738480403058854));
#3532=DIRECTION('center_axis',(0.00494404697505828,-0.0108847857370705,
-0.999928536365958));
#3533=DIRECTION('ref_axis',(-0.460560557489512,-0.887597565090385,0.00738480403058854));
#3534=DIRECTION('',(-0.00494404697506186,0.0108847857370787,0.999928536365958));
#3535=DIRECTION('center_axis',(0.00494404697506186,-0.0108847857370787,
-0.999928536365958));
#3536=DIRECTION('ref_axis',(-0.460560557489512,-0.887597565090385,0.00738480403058854));
#3537=DIRECTION('center_axis',(-0.00494404697505828,0.0108847857370705,
0.999928536365958));
#3538=DIRECTION('ref_axis',(-0.460560557489512,-0.887597565090385,0.00738480403058854));
#3539=DIRECTION('',(-0.00494404697506186,0.0108847857370787,0.999928536365958));
#3540=DIRECTION('center_axis',(-0.00494404697506186,0.0108847857370787,
0.999928536365958));
#3541=DIRECTION('ref_axis',(-3.21601469413513E-16,0.999940757516836,-0.0108849187711946));
#3542=DIRECTION('center_axis',(-0.00494404697505828,0.0108847857370705,
0.999928536365958));
#3543=DIRECTION('ref_axis',(-2.03287907341032E-20,-0.999940757516836,0.0108849187711946));
#3544=DIRECTION('center_axis',(-0.00494404697505828,0.0108847857370705,
0.999928536365958));
#3545=DIRECTION('ref_axis',(-2.03287907341032E-20,-0.999940757516836,0.0108849187711946));
#3546=DIRECTION('',(0.00494404697506186,-0.0108847857370787,-0.999928536365958));
#3547=DIRECTION('center_axis',(-0.00494404697506186,0.0108847857370787,
0.999928536365958));
#3548=DIRECTION('ref_axis',(-1.01061195002805E-15,0.999940757516836,-0.0108849187711946));
#3549=DIRECTION('center_axis',(0.00494404697505828,-0.0108847857370705,
-0.999928536365958));
#3550=DIRECTION('ref_axis',(-2.03287907341032E-20,-0.999940757516836,0.0108849187711946));
#3551=DIRECTION('center_axis',(0.00494404697505828,-0.0108847857370705,
-0.999928536365958));
#3552=DIRECTION('ref_axis',(-2.03287907341032E-20,-0.999940757516836,0.0108849187711946));
#3553=DIRECTION('',(0.00494404697506186,-0.0108847857370787,-0.999928536365958));
#3554=DIRECTION('center_axis',(-0.00494404697506186,0.0108847857370787,
0.999928536365958));
#3555=DIRECTION('ref_axis',(0.46056055748951,-0.887547993845366,0.0119386559552102));
#3556=DIRECTION('center_axis',(0.00494404697505828,-0.0108847857370705,
-0.999928536365958));
#3557=DIRECTION('ref_axis',(0.46056055748951,-0.887547993845366,0.0119386559552102));
#3558=DIRECTION('',(0.00494404697505847,-0.0108847857370699,-0.999928536365958));
#3559=DIRECTION('center_axis',(-0.00494404697505828,0.0108847857370705,
0.999928536365958));
#3560=DIRECTION('ref_axis',(0.46056055748951,-0.887547993845366,0.0119386559552102));
#3561=DIRECTION('center_axis',(-0.00494404697505828,0.0108847857370705,
0.999928536365958));
#3562=DIRECTION('ref_axis',(-0.910479343955834,-0.41355454807045,-6.45090620093503E-19));
#3563=DIRECTION('center_axis',(0.00494404697505828,-0.0108847857370705,
-0.999928536365958));
#3564=DIRECTION('ref_axis',(-0.910479343955834,-0.41355454807045,-6.45090620093503E-19));
#3565=DIRECTION('',(0.999987778125067,5.38155497179302E-5,0.00494375407744191));
#3566=DIRECTION('center_axis',(0.00494404697505847,-0.0108847857370699,
-0.999928536365958));
#3567=DIRECTION('ref_axis',(-0.910479343955834,-0.41355454807045,-4.52152516337317E-16));
#3568=DIRECTION('center_axis',(-0.00494404697505828,0.0108847857370705,
0.999928536365958));
#3569=DIRECTION('ref_axis',(-0.910479343955834,-0.41355454807045,0.));
#3570=DIRECTION('',(0.00494404697505847,-0.0108847857370699,-0.999928536365958));
#3571=DIRECTION('center_axis',(6.54137117736542E-15,0.999940757516837,-0.0108849187711857));
#3572=DIRECTION('ref_axis',(0.999987778125067,5.38155497179302E-5,0.00494375407744191));
#3573=DIRECTION('',(-0.999987778125067,-5.38155497179302E-5,-0.00494375407744191));
#3574=DIRECTION('',(0.00494404697505847,-0.0108847857370699,-0.999928536365958));
#3575=DIRECTION('',(0.999987778125067,5.38155497179302E-5,0.00494375407744191));
#3576=DIRECTION('',(-0.999987778125067,-5.38155497179302E-5,-0.00494375407744191));
#3577=DIRECTION('center_axis',(0.00494404697505847,-0.0108847857370699,
-0.999928536365958));
#3578=DIRECTION('ref_axis',(-0.910479343955834,-0.41355454807045,-4.52152516337317E-16));
#3579=DIRECTION('center_axis',(0.00494404697505828,-0.0108847857370705,
-0.999928536365958));
#3580=DIRECTION('ref_axis',(-0.910479343955834,-0.41355454807045,-6.45090620093503E-19));
#3581=DIRECTION('center_axis',(-0.00494404697505828,0.0108847857370705,
0.999928536365958));
#3582=DIRECTION('ref_axis',(-0.910479343955834,-0.41355454807045,0.));
#3583=DIRECTION('center_axis',(-0.00494404697505828,0.0108847857370705,
0.999928536365958));
#3584=DIRECTION('ref_axis',(-0.910479343955834,-0.41355454807045,-6.45090620093503E-19));
#3585=DIRECTION('center_axis',(-0.00494404697505828,0.0108847857370705,
0.999928536365958));
#3586=DIRECTION('ref_axis',(-0.910479343955834,-0.41355454807045,0.));
#3587=DIRECTION('center_axis',(-0.00494404697505828,0.0108847857370705,
0.999928536365958));
#3588=DIRECTION('ref_axis',(-0.910479343955834,-0.41355454807045,0.));
#3589=DIRECTION('center_axis',(0.00494404697505847,-0.0108847857370699,
-0.999928536365958));
#3590=DIRECTION('ref_axis',(-0.910479343955834,-0.41355454807045,-4.52152516337317E-16));
#3591=DIRECTION('center_axis',(0.00494404697505847,-0.0108847857370699,
-0.999928536365958));
#3592=DIRECTION('ref_axis',(0.49735033961277,0.867521676015667,-0.0069843632515669));
#3593=DIRECTION('',(-0.00494404697505847,0.0108847857370699,0.999928536365958));
#3594=DIRECTION('center_axis',(-0.999987778125067,-5.38155497258892E-5,
-0.00494375407743865));
#3595=DIRECTION('ref_axis',(0.0034959691425698,-0.714761596231412,-0.699359448890539));
#3596=DIRECTION('center_axis',(0.999987778125067,5.38155497175949E-5,0.00494375407744222));
#3597=DIRECTION('ref_axis',(0.0034959691425698,-0.714761596231412,-0.699359448890539));
#3598=DIRECTION('',(0.999987778125067,5.38155497258892E-5,0.00494375407743865));
#3599=DIRECTION('center_axis',(-0.999987778125067,-5.38155497179455E-5,
-0.00494375407743873));
#3600=DIRECTION('ref_axis',(0.0034959691425698,-0.714761596231412,-0.699359448890539));
#3601=DIRECTION('',(-0.999987778125067,-5.38155497258892E-5,-0.00494375407743865));
#3602=DIRECTION('center_axis',(0.00494404697505834,-0.0108847857370708,
-0.999928536365958));
#3603=DIRECTION('ref_axis',(-0.999987776676856,0.,-0.0049443398828705));
#3604=DIRECTION('',(6.88487353066314E-15,0.999940757516836,-0.0108849187711867));
#3605=DIRECTION('',(0.999987778125067,5.38155497179504E-5,0.00494375407743867));
#3606=DIRECTION('',(-6.49481413521923E-15,-0.999940757516836,0.0108849187711864));
#3607=DIRECTION('center_axis',(0.999987778125067,5.38155497175949E-5,0.00494375407744222));
#3608=DIRECTION('ref_axis',(-6.88338275267597E-15,-0.999940757516836,0.0108849187711864));
#3609=DIRECTION('',(0.00494404697506183,-0.0108847857370709,-0.999928536365958));
#3610=DIRECTION('',(-0.00494404697506183,0.0108847857370708,0.999928536365958));
#3611=DIRECTION('center_axis',(0.999987778125067,5.38155497175949E-5,0.00494375407744222));
#3612=DIRECTION('ref_axis',(5.38162073826873E-5,-0.999999998551908,0.));
#3613=DIRECTION('center_axis',(0.00494404697505847,-0.0108847857370699,
-0.999928536365958));
#3614=DIRECTION('ref_axis',(-0.880995622217494,0.473028926343579,-0.00950518152655856));
#3615=DIRECTION('',(-0.00494404697505847,0.0108847857370699,0.999928536365958));
#3616=DIRECTION('',(0.00494404697505834,-0.0108847857370699,-0.999928536365958));
#3617=DIRECTION('center_axis',(0.00494404697505847,-0.0108847857370699,
-0.999928536365958));
#3618=DIRECTION('ref_axis',(-0.910479343955834,-0.41355454807045,-4.52152516337317E-16));
#3619=DIRECTION('center_axis',(0.999987778125067,5.38155497256612E-5,0.00494375407743865));
#3620=DIRECTION('ref_axis',(5.38162073826873E-5,-0.999999998551908,0.));
#3621=DIRECTION('',(0.999987778125067,5.38155497256612E-5,0.00494375407743865));
#3622=DIRECTION('center_axis',(-0.999987778125067,-5.38155497179455E-5,
-0.00494375407743873));
#3623=DIRECTION('ref_axis',(5.38162073826873E-5,-0.999999998551908,0.));
#3624=DIRECTION('center_axis',(0.999987778125067,5.38155497179455E-5,0.00494375407743873));
#3625=DIRECTION('ref_axis',(-6.49480469405716E-15,-0.999940757516836,0.0108849187711864));
#3626=DIRECTION('',(0.00494404697505834,-0.0108847857370708,-0.999928536365958));
#3627=DIRECTION('',(0.00494404697505834,-0.0108847857370708,-0.999928536365958));
#3628=DIRECTION('center_axis',(6.49070505459245E-15,0.999940757516836,-0.0108849187711867));
#3629=DIRECTION('ref_axis',(0.999987778125067,5.38155497179504E-5,0.00494375407743867));
#3630=DIRECTION('center_axis',(1.44776904223778E-15,-0.999940757516836,
0.0108849187711867));
#3631=DIRECTION('ref_axis',(-0.999987778125067,-5.38155497258885E-5,-0.00494375407743858));
#3632=DIRECTION('center_axis',(0.00494404697505834,-0.0108847857370708,
-0.999928536365958));
#3633=DIRECTION('ref_axis',(-0.999987776676856,0.,-0.0049443398828705));
#3634=DIRECTION('',(0.999987778125067,5.38155497258892E-5,0.00494375407743865));
#3635=DIRECTION('',(-1.22123588592561E-15,0.999940757516836,-0.0108849187711864));
#3636=DIRECTION('',(0.999987778125067,5.38155497179504E-5,0.00494375407743867));
#3637=DIRECTION('',(-6.88487353066314E-15,-0.999940757516836,0.0108849187711867));
#3638=DIRECTION('center_axis',(6.49070505459245E-15,0.999940757516836,-0.0108849187711867));
#3639=DIRECTION('ref_axis',(0.999987778125067,5.38155497179504E-5,0.00494375407743867));
#3640=DIRECTION('',(0.00494404697506183,-0.0108847857370708,-0.999928536365958));
#3641=DIRECTION('',(0.00494404697505834,-0.0108847857370708,-0.999928536365958));
#3642=DIRECTION('',(-0.999987778125067,-5.38155497179504E-5,-0.00494375407743867));
#3643=DIRECTION('center_axis',(0.999987778125067,5.38155497256612E-5,0.00494375407743865));
#3644=DIRECTION('ref_axis',(5.38162073826873E-5,-0.999999998551908,0.));
#3645=DIRECTION('center_axis',(0.999987778125067,5.38155497256612E-5,0.00494375407743865));
#3646=DIRECTION('ref_axis',(5.38162073826873E-5,-0.999999998551908,0.));
#3647=DIRECTION('',(0.999987778125067,5.38155497256612E-5,0.00494375407743865));
#3648=DIRECTION('center_axis',(-0.999987778125067,-5.38155497175949E-5,
-0.00494375407744222));
#3649=DIRECTION('ref_axis',(5.38162073826873E-5,-0.999999998551908,0.));
#3650=DIRECTION('center_axis',(-0.999987778125067,-5.38155497256612E-5,
-0.00494375407743865));
#3651=DIRECTION('ref_axis',(-1.22124532708767E-15,0.999940757516836,-0.0108849187711864));
#3652=DIRECTION('center_axis',(0.999987778125067,5.38155497256612E-5,0.00494375407743865));
#3653=DIRECTION('ref_axis',(0.0034959691425698,-0.714761596231412,-0.699359448890539));
#3654=DIRECTION('',(0.00494404697505834,-0.0108847857370708,-0.999928536365958));
#3655=DIRECTION('',(-1.22124532708767E-15,0.999940757516836,-0.0108849187711864));
#3656=DIRECTION('',(-0.00494404697505834,0.0108847857370699,0.999928536365958));
#3657=DIRECTION('',(1.22123855082409E-15,-0.999940757516836,0.0108849187711864));
#3658=DIRECTION('center_axis',(-0.00494404697505847,0.0108847857370699,
0.999928536365958));
#3659=DIRECTION('ref_axis',(0.880995622217504,0.473123750029911,-0.000794223663237417));
#3660=DIRECTION('center_axis',(0.00494404697505828,-0.0108847857370705,
-0.999928536365958));
#3661=DIRECTION('ref_axis',(0.880995622217504,0.473123750029911,-0.000794223663237417));
#3662=DIRECTION('center_axis',(-0.00494404697505828,0.0108847857370705,
0.999928536365958));
#3663=DIRECTION('ref_axis',(0.880995622217504,0.473123750029911,-0.000794223663237417));
#3664=DIRECTION('',(0.00494404697505847,-0.0108847857370699,-0.999928536365958));
#3665=DIRECTION('center_axis',(-0.999987778125067,-5.38155497175949E-5,
-0.00494375407744222));
#3666=DIRECTION('ref_axis',(6.88338275267597E-15,0.999940757516836,-0.0108849187711864));
#3667=DIRECTION('center_axis',(-0.999987778125067,-5.38155497175949E-5,
-0.00494375407744222));
#3668=DIRECTION('ref_axis',(0.0034959691425698,-0.714761596231412,-0.699359448890539));
#3669=DIRECTION('',(0.00494404697505847,-0.0108847857370699,-0.999928536365958));
#3670=DIRECTION('',(6.88336920014881E-15,0.999940757516836,-0.0108849187711864));
#3671=DIRECTION('',(-0.00494404697506183,0.0108847857370709,0.999928536365958));
#3672=DIRECTION('center_axis',(1.44776904223778E-15,-0.999940757516836,
0.0108849187711867));
#3673=DIRECTION('ref_axis',(-0.999987778125067,-5.38155497258885E-5,-0.00494375407743858));
#3674=DIRECTION('',(-0.999987778125067,-5.38155497258892E-5,-0.00494375407743865));
#3675=DIRECTION('',(-0.999987778125067,-5.38155497258885E-5,-0.00494375407743858));
#3676=DIRECTION('center_axis',(-0.999987778125067,-5.38155497258892E-5,
-0.00494375407743865));
#3677=DIRECTION('ref_axis',(0.0034959691425698,-0.714761596231412,-0.699359448890539));
#3678=DIRECTION('center_axis',(-0.00607991550361485,-0.999922602500951,
0.0108546596074443));
#3679=DIRECTION('ref_axis',(0.,-0.0108548602362746,-0.999941084269094));
#3680=DIRECTION('',(0.00494404697505911,-0.0108847857370705,-0.999928536365958));
#3681=DIRECTION('',(-0.999969295042091,0.00602581506376438,-0.00500984289574745));
#3682=DIRECTION('',(0.00494404697505502,-0.010884785737062,-0.999928536365958));
#3683=DIRECTION('',(0.999969295042091,-0.00602581506376438,0.00500984289574745));
#3684=DIRECTION('center_axis',(0.00494404697505847,-0.0108847857370699,
-0.999928536365958));
#3685=DIRECTION('ref_axis',(-0.910479343955834,-0.41355454807045,-4.51806280855055E-16));
#3686=DIRECTION('center_axis',(0.00494404697505485,-0.0108847857370621,
-0.999928536365958));
#3687=DIRECTION('ref_axis',(-0.996993194042242,-0.0773813018470641,-0.00408719438025805));
#3688=DIRECTION('',(-0.00494404697505847,0.0108847857370699,0.999928536365958));
#3689=DIRECTION('center_axis',(0.00494404697505828,-0.0108847857370705,
-0.999928536365958));
#3690=DIRECTION('ref_axis',(-0.910479343955834,-0.41355454807045,0.));
#3691=DIRECTION('center_axis',(-0.00494404697505828,0.0108847857370705,
0.999928536365958));
#3692=DIRECTION('ref_axis',(-0.910479343955834,-0.41355454807045,-6.45090620093503E-19));
#3693=DIRECTION('',(-0.00494404697505847,0.0108847857370699,0.999928536365958));
#3694=DIRECTION('center_axis',(-0.00494404697505485,0.0108847857370621,
0.999928536365958));
#3695=DIRECTION('ref_axis',(-0.996993194042242,-0.0773813018470641,-0.00408719438025805));
#3696=DIRECTION('center_axis',(-0.00494404697505828,0.0108847857370705,
0.999928536365958));
#3697=DIRECTION('ref_axis',(-0.910479343955834,-0.41355454807045,0.));
#3698=DIRECTION('',(-0.999969295042092,0.0060258150637653,-0.00500984289574362));
#3699=DIRECTION('center_axis',(-0.00494404697505828,0.0108847857370705,
0.999928536365958));
#3700=DIRECTION('ref_axis',(-0.910479343955834,-0.41355454807045,0.));
#3701=DIRECTION('center_axis',(-0.00607991550361933,-0.999922602500951,
0.0108546596074447));
#3702=DIRECTION('ref_axis',(-0.999969295042091,0.00602581506376526,-0.00500984289574724));
#3703=DIRECTION('',(-0.999969295042092,0.00602581506376533,-0.00500984289574101));
#3704=DIRECTION('',(0.00494404697505847,-0.0108847857370699,-0.999928536365958));
#3705=DIRECTION('center_axis',(-0.00494404697505572,0.010884785737062,0.999928536365958));
#3706=DIRECTION('ref_axis',(-0.910479343955821,-0.413554548070479,-8.2347843947148E-16));
#3707=DIRECTION('',(-0.0488063127595924,0.998746434198412,-0.011113235837086));
#3708=DIRECTION('center_axis',(-0.00494404697505572,0.010884785737062,0.999928536365958));
#3709=DIRECTION('ref_axis',(-0.997717804402983,-0.0673909990162403,-0.00419952722139598));
#3710=DIRECTION('center_axis',(-0.00494404697505831,0.0108847857370697,
0.999928536365958));
#3711=DIRECTION('ref_axis',(-0.910479343955821,-0.413554548070479,-1.43480556626968E-18));
#3712=DIRECTION('center_axis',(0.00494404697505572,-0.010884785737062,-0.999928536365958));
#3713=DIRECTION('ref_axis',(0.910479343955792,0.413554548070542,-3.40020925957351E-16));
#3714=DIRECTION('center_axis',(-0.00494404697505857,0.0108847857370691,
0.999928536365958));
#3715=DIRECTION('ref_axis',(0.910479343955792,0.413554548070542,-3.40020925957351E-16));
#3716=DIRECTION('center_axis',(-0.00494404697505572,0.010884785737062,0.999928536365958));
#3717=DIRECTION('ref_axis',(0.910479343955792,0.413554548070542,-3.40020925957351E-16));
#3718=DIRECTION('',(-0.00494404697505856,0.0108847857370691,0.999928536365958));
#3719=DIRECTION('center_axis',(-0.00494404697505828,0.0108847857370705,
0.999928536365958));
#3720=DIRECTION('ref_axis',(-0.910479343955834,-0.41355454807045,-6.45090620093503E-19));
#3721=DIRECTION('center_axis',(0.00494404697505828,-0.0108847857370705,
-0.999928536365958));
#3722=DIRECTION('ref_axis',(-0.910479343955834,-0.41355454807045,-6.45090620093503E-19));
#3723=DIRECTION('',(0.999969295042092,-0.00602581506376108,0.00500984289574358));
#3724=DIRECTION('center_axis',(-0.00607991550361511,-0.999922602500951,
0.0108546596074446));
#3725=DIRECTION('ref_axis',(0.999969295042092,-0.00602581506376104,0.0050098428957472));
#3726=DIRECTION('',(0.00494404697505847,-0.0108847857370699,-0.999928536365958));
#3727=DIRECTION('',(0.999969295042092,-0.00602581506376111,0.00500984289574097));
#3728=DIRECTION('center_axis',(0.00494404697505502,-0.010884785737062,-0.999928536365958));
#3729=DIRECTION('ref_axis',(0.00607991550362701,0.999922602500951,-0.0108546596074358));
#3730=DIRECTION('center_axis',(0.00494404697505831,-0.0108847857370697,
-0.999928536365958));
#3731=DIRECTION('ref_axis',(-0.910479343955821,-0.413554548070479,-1.43480556626968E-18));
#3732=DIRECTION('',(-0.00494404697505499,0.0108847857370619,0.999928536365958));
#3733=DIRECTION('center_axis',(-0.00494404697505572,0.010884785737062,0.999928536365958));
#3734=DIRECTION('ref_axis',(-0.910479343955821,-0.413554548070479,-8.2347843947148E-16));
#3735=DIRECTION('',(0.0488063127595924,-0.998746434198412,0.011113235837086));
#3736=DIRECTION('center_axis',(0.00494404697505572,-0.010884785737062,-0.999928536365958));
#3737=DIRECTION('ref_axis',(-0.997717804402983,-0.0673909990162403,-0.00419952722139598));
#3738=DIRECTION('center_axis',(0.00494404697505847,-0.0108847857370699,
-0.999928536365958));
#3739=DIRECTION('ref_axis',(-0.910479343955834,-0.41355454807045,-4.52152516337317E-16));
#3740=DIRECTION('',(-0.00494404697505847,0.0108847857370699,0.999928536365958));
#3741=DIRECTION('center_axis',(-0.998796025339669,-0.0488577692431418,-0.00440660302984498));
#3742=DIRECTION('ref_axis',(0.0488063127595924,-0.998746434198412,0.0111132358370813));
#3743=CARTESIAN_POINT('',(0.,0.,0.));
#3744=CARTESIAN_POINT('Ctrl Pts',(-32.1051048012874,130.300457423979,-169.356638834888));
#3745=CARTESIAN_POINT('Ctrl Pts',(-32.115345811954,132.106480963747,-169.376349054756));
#3746=CARTESIAN_POINT('Ctrl Pts',(-30.3154379623308,132.25645870439,-169.369082182052));
#3747=CARTESIAN_POINT('Ctrl Pts',(-28.5155301127076,132.406436445034,-169.361815309347));
#3748=CARTESIAN_POINT('Ctrl Pts',(-28.2268930816962,130.623610318481,-169.340981105025));
#3749=CARTESIAN_POINT('Ctrl Pts',(-35.0863801647819,130.299762958039,-167.871264690983));
#3750=CARTESIAN_POINT('Ctrl Pts',(-35.1122262336952,134.857770989426,-167.921008970878));
#3751=CARTESIAN_POINT('Ctrl Pts',(-30.5696528653583,135.236281972994,-167.90266897507));
#3752=CARTESIAN_POINT('Ctrl Pts',(-26.0270794970214,135.614792956562,-167.884328979262));
#3753=CARTESIAN_POINT('Ctrl Pts',(-25.2986228204961,131.115330117643,-167.831748008673));
#3754=CARTESIAN_POINT('Ctrl Pts',(-38.4171025729774,130.280698716148,-167.887525590905));
#3755=CARTESIAN_POINT('Ctrl Pts',(-38.4604263071271,137.920929378149,-167.970908018031));
#3756=CARTESIAN_POINT('Ctrl Pts',(-30.8460675578309,138.555397593792,-167.940166124346));
#3757=CARTESIAN_POINT('Ctrl Pts',(-23.2317088085348,139.189865809434,-167.909424230661));
#3758=CARTESIAN_POINT('Ctrl Pts',(-22.0106541290341,131.647769852667,-167.821286881853));
#3759=CARTESIAN_POINT('',(-28.2268930816961,130.623610318481,-169.340981105025));
#3760=CARTESIAN_POINT('',(-27.7194254802948,138.214825794219,-167.920999438253));
#3761=CARTESIAN_POINT('Ctrl Pts',(-27.7194254802948,138.214825794219,-167.920999438253));
#3762=CARTESIAN_POINT('Ctrl Pts',(-27.9424746131091,137.120083580962,-167.910185396404));
#3763=CARTESIAN_POINT('Ctrl Pts',(-28.0965190815531,136.038920155307,-168.030206139538));
#3764=CARTESIAN_POINT('Ctrl Pts',(-28.2949236238626,133.684235718133,-168.537904597179));
#3765=CARTESIAN_POINT('Ctrl Pts',(-28.3009275059974,132.667720385515,-168.906133904787));
#3766=CARTESIAN_POINT('Ctrl Pts',(-28.2766695212448,131.635782137265,-169.186377261923));
#3767=CARTESIAN_POINT('Ctrl Pts',(-28.268682173568,131.406389619889,-169.241954021584));
#3768=CARTESIAN_POINT('Ctrl Pts',(-28.2534033280713,131.07923778906,-169.298268228012));
#3769=CARTESIAN_POINT('Ctrl Pts',(-28.2482604676091,130.979834301535,-169.312367189161));
#3770=CARTESIAN_POINT('Ctrl Pts',(-28.2377199551497,130.794441766032,-169.331675148397));
#3771=CARTESIAN_POINT('Ctrl Pts',(-28.2325093014711,130.709279771673,-169.33782517805));
#3772=CARTESIAN_POINT('Ctrl Pts',(-28.2268930816961,130.623610318481,-169.340981105025));
#3773=CARTESIAN_POINT('',(-32.1051048012875,130.300457423979,-169.356638834887));
#3774=CARTESIAN_POINT('Origin',(-30.1534732046961,130.311628086759,-169.347110785958));
#3775=CARTESIAN_POINT('',(-31.6375849642066,138.45070867913,-167.942940105418));
#3776=CARTESIAN_POINT('Ctrl Pts',(-32.1051048012875,130.300457423979,-169.356638834888));
#3777=CARTESIAN_POINT('Ctrl Pts',(-32.1148862906962,130.445091648243,-169.353752492935));
#3778=CARTESIAN_POINT('Ctrl Pts',(-32.1236199148779,130.587953289932,-169.343282566924));
#3779=CARTESIAN_POINT('Ctrl Pts',(-32.1427138691646,130.936841584133,-169.302014132505));
#3780=CARTESIAN_POINT('Ctrl Pts',(-32.1519618150152,131.140438114581,-169.26475114421));
#3781=CARTESIAN_POINT('Ctrl Pts',(-32.1742097762897,131.751207815494,-169.130420578445));
#3782=CARTESIAN_POINT('Ctrl Pts',(-32.1827521764025,132.191935970955,-169.002366977051));
#3783=CARTESIAN_POINT('Ctrl Pts',(-32.1784092763985,133.34227289502,-168.672434558784));
#3784=CARTESIAN_POINT('Ctrl Pts',(-32.1548804031126,134.169712352416,-168.436521141088));
#3785=CARTESIAN_POINT('Ctrl Pts',(-31.9889739426498,136.243336560024,-168.038732291876));
#3786=CARTESIAN_POINT('Ctrl Pts',(-31.8440259341176,137.341686612596,-167.931888501911));
#3787=CARTESIAN_POINT('Ctrl Pts',(-31.6375849642065,138.45070867913,-167.942940105418));
#3788=CARTESIAN_POINT('Origin',(-30.1608892751588,130.327955265365,-167.847217981409));
#3789=CARTESIAN_POINT('Origin',(0.306910933516047,132.506559995236,-167.720288320786));
#3790=CARTESIAN_POINT('',(-29.4305217111976,145.59986168933,-168.009850061364));
#3791=CARTESIAN_POINT('Origin',(0.306910933516047,132.506559995236,-167.720288320786));
#3792=CARTESIAN_POINT('',(-25.7831427229715,145.600057977434,-167.991818096235));
#3793=CARTESIAN_POINT('',(21.3014067235618,145.602591889315,-167.75904081795));
#3794=CARTESIAN_POINT('',(-24.9020765555617,146.127101197711,-167.99319891492));
#3795=CARTESIAN_POINT('Origin',(-25.7831427229715,146.599998734951,-168.002703015006));
#3796=CARTESIAN_POINT('',(25.4949082202713,146.129813372299,-167.744045570823));
#3797=CARTESIAN_POINT('Origin',(0.296415832354761,132.602231632649,-167.721381652467));
#3798=CARTESIAN_POINT('',(26.375974387681,145.602864983301,-167.73395309675));
#3799=CARTESIAN_POINT('Origin',(26.375974387681,146.602805740818,-167.744838015521));
#3800=CARTESIAN_POINT('',(30.0443435782297,145.603062401019,-167.715817359954));
#3801=CARTESIAN_POINT('',(21.3014067235618,145.602591889315,-167.75904081795));
#3802=CARTESIAN_POINT('',(18.2543470618933,105.421957253814,-167.336717844531));
#3803=CARTESIAN_POINT('Origin',(0.306910933516047,132.506559995236,-167.720288320786));
#3804=CARTESIAN_POINT('',(17.8066970507046,104.588366609407,-167.329857101365));
#3805=CARTESIAN_POINT('Origin',(18.8066848288296,104.588420424957,-167.324913347287));
#3806=CARTESIAN_POINT('',(17.8066970507046,106.7825780707,-167.353742329908));
#3807=CARTESIAN_POINT('',(17.8066970507047,119.645039919028,-167.493757477169));
#3808=CARTESIAN_POINT('',(12.8067581600792,106.782308992951,-167.378461100295));
#3809=CARTESIAN_POINT('',(-8.44298212507847,106.78116541252,-167.483515874441));
#3810=CARTESIAN_POINT('Origin',(0.306910933516047,132.506559995236,-167.720288320786));
#3811=CARTESIAN_POINT('Ctrl Pts',(-28.2862216453968,130.754227747326,-157.341838668634));
#3812=CARTESIAN_POINT('Ctrl Pts',(-28.5748586764085,132.53705387388,-157.362672872956));
#3813=CARTESIAN_POINT('Ctrl Pts',(-30.3747665260321,132.387076133235,-157.36993974566));
#3814=CARTESIAN_POINT('Ctrl Pts',(-32.1746743756558,132.23709839259,-157.377206618364));
#3815=CARTESIAN_POINT('Ctrl Pts',(-32.1644333649881,130.431074852822,-157.357496398496));
#3816=CARTESIAN_POINT('Ctrl Pts',(-25.3431192432717,131.213293189277,-158.83239118138));
#3817=CARTESIAN_POINT('Ctrl Pts',(-26.0715759197977,135.712756028197,-158.884972151968));
#3818=CARTESIAN_POINT('Ctrl Pts',(-30.6141492881355,135.334245044627,-158.903312147777));
#3819=CARTESIAN_POINT('Ctrl Pts',(-35.1567226564733,134.955734061058,-158.921652143585));
#3820=CARTESIAN_POINT('Ctrl Pts',(-35.1308765875573,130.397726029669,-158.871907863689));
#3821=CARTESIAN_POINT('Ctrl Pts',(-22.0551505518096,131.745732924302,-158.82193005456));
#3822=CARTESIAN_POINT('Ctrl Pts',(-23.2762052313116,139.287828881071,-158.910067403368));
#3823=CARTESIAN_POINT('Ctrl Pts',(-30.8905639806093,138.653360665425,-158.940809297052));
#3824=CARTESIAN_POINT('Ctrl Pts',(-38.5049227299071,138.018892449779,-158.971551190737));
#3825=CARTESIAN_POINT('Ctrl Pts',(-38.4615989957529,130.378661787777,-158.888168763611));
#3826=CARTESIAN_POINT('',(-32.1644333649881,130.431074852822,-157.357496398496));
#3827=CARTESIAN_POINT('',(-31.6820813869821,138.548671750763,-158.943583278125));
#3828=CARTESIAN_POINT('Ctrl Pts',(-31.6820813869821,138.548671750763,-158.943583278125));
#3829=CARTESIAN_POINT('Ctrl Pts',(-31.8989328122305,137.383723650279,-158.931974361674));
#3830=CARTESIAN_POINT('Ctrl Pts',(-32.0489772062952,136.236329827437,-158.790219425999));
#3831=CARTESIAN_POINT('Ctrl Pts',(-32.2418955101679,133.740894490793,-158.23399819688));
#3832=CARTESIAN_POINT('Ctrl Pts',(-32.2472896218225,132.666626137616,-157.844261755881));
#3833=CARTESIAN_POINT('Ctrl Pts',(-32.2212299383747,131.564938978982,-157.537996680719));
#3834=CARTESIAN_POINT('Ctrl Pts',(-32.2124187415659,131.313075650368,-157.475097762143));
#3835=CARTESIAN_POINT('Ctrl Pts',(-32.1952860921945,130.950014819807,-157.409575310137));
#3836=CARTESIAN_POINT('Ctrl Pts',(-32.1893582886541,130.83717433021,-157.392698328124));
#3837=CARTESIAN_POINT('Ctrl Pts',(-32.1771111061027,130.626050917645,-157.369252636535));
#3838=CARTESIAN_POINT('Ctrl Pts',(-32.1710239798277,130.528906913134,-157.361646035336));
#3839=CARTESIAN_POINT('Ctrl Pts',(-32.1644333649881,130.431074852822,-157.357496398496));
#3840=CARTESIAN_POINT('',(-28.2862216453968,130.754227747326,-157.341838668634));
#3841=CARTESIAN_POINT('Origin',(-30.2128017683968,130.442245515604,-157.347968349566));
#3842=CARTESIAN_POINT('',(-27.7639219030703,138.312788865852,-158.921642610959));
#3843=CARTESIAN_POINT('Ctrl Pts',(-28.2862216453969,130.754227747327,-157.341838668634));
#3844=CARTESIAN_POINT('Ctrl Pts',(-28.2948166488182,130.886154277536,-157.349662718859));
#3845=CARTESIAN_POINT('Ctrl Pts',(-28.3023583209213,131.016348327687,-157.36454781047));
#3846=CARTESIAN_POINT('Ctrl Pts',(-28.3189773091446,131.342935973551,-157.416752856927));
#3847=CARTESIAN_POINT('Ctrl Pts',(-28.3267729366267,131.537458861042,-157.461301753964));
#3848=CARTESIAN_POINT('Ctrl Pts',(-28.3443320205708,132.124223072615,-157.617725705834));
#3849=CARTESIAN_POINT('Ctrl Pts',(-28.3488902356374,132.552618595802,-157.763239809553));
#3850=CARTESIAN_POINT('Ctrl Pts',(-28.327889677201,133.87855042809,-158.200591687339));
#3851=CARTESIAN_POINT('Ctrl Pts',(-28.2790519515849,134.7035618311,-158.449580503557));
#3852=CARTESIAN_POINT('Ctrl Pts',(-28.0880443891321,136.501654662901,-158.81280228083));
#3853=CARTESIAN_POINT('Ctrl Pts',(-27.9489640444698,137.404587875042,-158.912671253682));
#3854=CARTESIAN_POINT('Ctrl Pts',(-27.7639219030703,138.312788865852,-158.921642610959));
#3855=CARTESIAN_POINT('Origin',(-30.2053856979342,130.425918336999,-158.847861154115));
#3856=CARTESIAN_POINT('Origin',(0.262414510740525,132.604523066869,-158.720931493492));
#3857=CARTESIAN_POINT('',(12.7622617373036,106.880272064585,-158.379104273001));
#3858=CARTESIAN_POINT('Origin',(0.262414510740525,132.604523066869,-158.720931493492));
#3859=CARTESIAN_POINT('',(12.7622617373036,95.8809237318999,-158.259370166518));
#3860=CARTESIAN_POINT('',(12.7622617373038,119.742733912913,-158.519119420263));
#3861=CARTESIAN_POINT('',(17.762200627929,95.8811928096482,-158.234651396131));
#3862=CARTESIAN_POINT('',(-12.237432715823,95.8795783431567,-158.382964018454));
#3863=CARTESIAN_POINT('',(17.7622006279291,104.686329681041,-158.330500274071));
#3864=CARTESIAN_POINT('',(17.762200627929,95.8811928096482,-158.234651396131));
#3865=CARTESIAN_POINT('',(18.2098506391177,105.519920325448,-158.337361017238));
#3866=CARTESIAN_POINT('Origin',(18.7621884060541,104.686383496591,-158.325556519994));
#3867=CARTESIAN_POINT('',(29.9998471554542,145.701025472653,-158.71646053266));
#3868=CARTESIAN_POINT('Origin',(0.262414510740525,132.604523066869,-158.720931493492));
#3869=CARTESIAN_POINT('',(26.3314779649054,145.700828054935,-158.734596269456));
#3870=CARTESIAN_POINT('',(21.2569103007863,145.700554960949,-158.759683990656));
#3871=CARTESIAN_POINT('',(25.4504117974957,146.227776443933,-158.74468874353));
#3872=CARTESIAN_POINT('Origin',(26.3314779649054,146.700768812452,-158.745481188227));
#3873=CARTESIAN_POINT('',(-24.9465729783373,146.225064269345,-158.993842087627));
#3874=CARTESIAN_POINT('Origin',(0.251919409579204,132.700194704283,-158.722024825173));
#3875=CARTESIAN_POINT('',(-25.827639145747,145.698021049068,-158.992461268941));
#3876=CARTESIAN_POINT('Origin',(-25.827639145747,146.697961806585,-159.003346187713));
#3877=CARTESIAN_POINT('',(-29.4750181339731,145.697824760963,-159.010493234071));
#3878=CARTESIAN_POINT('',(21.2569103007863,145.700554960949,-158.759683990656));
#3879=CARTESIAN_POINT('Origin',(0.262414510740525,132.604523066869,-158.720931493492));
#3880=CARTESIAN_POINT('Origin',(-30.1608892751587,130.327955265365,-167.847217981409));
#3881=CARTESIAN_POINT('',(-31.2024633340081,129.961212026958,-159.747796836845));
#3882=CARTESIAN_POINT('Origin',(-30.2009360556567,130.416122029835,-159.747796836845));
#3883=CARTESIAN_POINT('',(-31.2143290467483,129.987335512727,-157.347968349566));
#3884=CARTESIAN_POINT('',(-31.1624165535101,129.873045262488,-167.847217981409));
#3885=CARTESIAN_POINT('Origin',(-30.2128017683969,130.442245515604,-157.347968349566));
#3886=CARTESIAN_POINT('Origin',(-30.1608892751587,130.327955265365,-167.847217981409));
#3887=CARTESIAN_POINT('',(-31.1550004830475,129.856718083882,-169.347110785958));
#3888=CARTESIAN_POINT('Origin',(-30.1534732046961,130.311628086759,-169.347110785958));
#3889=CARTESIAN_POINT('',(-31.1668661957877,129.882841569651,-166.94728229868));
#3890=CARTESIAN_POINT('',(-31.1624165535101,129.873045262488,-167.847217981409));
#3891=CARTESIAN_POINT('Origin',(-30.1653389174363,130.337751572528,-166.94728229868));
#3892=CARTESIAN_POINT('Origin',(-30.1653389174363,130.337751572528,-166.94728229868));
#3893=CARTESIAN_POINT('',(-28.2387587944362,130.64973380425,-166.941152617747));
#3894=CARTESIAN_POINT('',(-28.2139861716664,130.303061525741,-166.937256408827));
#3895=CARTESIAN_POINT('Origin',(0.302461291238498,132.516356302399,-166.820352638057));
#3896=CARTESIAN_POINT('',(-32.1169705140276,130.326580909747,-166.956810347609));
#3897=CARTESIAN_POINT('Origin',(-30.1653389174363,130.337751572528,-166.94728229868));
#3898=CARTESIAN_POINT('Origin',(-30.1653389174363,130.337751572528,-166.94728229868));
#3899=CARTESIAN_POINT('Origin',(-30.2009360556567,130.416122029835,-159.747796836845));
#3900=CARTESIAN_POINT('',(-28.2495833098868,130.381431983048,-159.737770946992));
#3901=CARTESIAN_POINT('',(-28.2743559326567,130.728104261557,-159.741667155912));
#3902=CARTESIAN_POINT('Origin',(0.266864153018078,132.594726759706,-159.620867176222));
#3903=CARTESIAN_POINT('',(-32.152567652248,130.404951367054,-159.757324885774));
#3904=CARTESIAN_POINT('Origin',(-30.2009360556567,130.416122029835,-159.747796836845));
#3905=CARTESIAN_POINT('Origin',(-30.2009360556567,130.416122029835,-159.747796836845));
#3906=CARTESIAN_POINT('Origin',(-30.1831374865465,130.376936801182,-163.347539567762));
#3907=CARTESIAN_POINT('',(-28.2565573635465,130.688919032904,-163.34140988683));
#3908=CARTESIAN_POINT('',(-32.1570172945256,130.414747674217,-158.857389203045));
#3909=CARTESIAN_POINT('Origin',(-30.1608892751587,130.327955265365,-167.847217981409));
#3910=CARTESIAN_POINT('',(-32.1570172945256,130.414747674218,-158.857389203045));
#3911=CARTESIAN_POINT('',(-28.261449022627,130.407555468817,-157.337942459713));
#3912=CARTESIAN_POINT('',(-28.2540329521644,130.391228290212,-158.837835264262));
#3913=CARTESIAN_POINT('Origin',(-30.2128017683968,130.442245515604,-157.347968349566));
#3914=CARTESIAN_POINT('Origin',(-30.1608892751587,130.327955265365,-167.847217981409));
#3915=CARTESIAN_POINT('',(-32.1570172945256,130.414747674218,-158.857389203045));
#3916=CARTESIAN_POINT('',(-28.2021204589263,130.276938039972,-169.337084896105));
#3917=CARTESIAN_POINT('Origin',(-30.1534732046961,130.311628086759,-169.347110785958));
#3918=CARTESIAN_POINT('',(-28.2540329521644,130.391228290212,-158.837835264262));
#3919=CARTESIAN_POINT('Origin',(-30.1534732046961,130.311628086759,-169.347110785958));
#3920=CARTESIAN_POINT('Origin',(0.314327003978627,132.49023281663,-169.220181125335));
#3921=CARTESIAN_POINT('Origin',(-30.2128017683968,130.442245515604,-157.347968349566));
#3922=CARTESIAN_POINT('Origin',(0.254998440277927,132.620850245475,-157.221038688944));
#3923=CARTESIAN_POINT('Origin',(-22.284855424117,195.478898809586,-154.799254092655));
#3924=CARTESIAN_POINT('',(-22.3034389619542,219.440507407724,-159.543381731934));
#3925=CARTESIAN_POINT('',(-22.284855424117,218.031594471567,-163.286992153766));
#3926=CARTESIAN_POINT('',(-22.1296341208686,206.263474534973,-194.555962229519));
#3927=CARTESIAN_POINT('',(-22.284855424117,195.478898809586,-154.799254092655));
#3928=CARTESIAN_POINT('',(-22.284855424117,195.478898809586,-154.799254092655));
#3929=CARTESIAN_POINT('',(-22.3034389619542,196.887811745742,-151.055643670823));
#3930=CARTESIAN_POINT('',(-22.284855424117,195.478898809586,-154.799254092655));
#3931=CARTESIAN_POINT('',(-22.3034389619542,196.887811745742,-151.055643670823));
#3932=CARTESIAN_POINT('Origin',(-22.284855424117,195.478898809586,-154.799254092655));
#3933=CARTESIAN_POINT('',(-22.302663280229,193.353561862201,-149.725520010946));
#3934=CARTESIAN_POINT('',(-22.3034389619542,196.887811745742,-151.055643670823));
#3935=CARTESIAN_POINT('',(-22.2840797423918,191.944648926045,-153.469130432778));
#3936=CARTESIAN_POINT('',(-22.284855424117,195.478898809586,-154.799254092655));
#3937=CARTESIAN_POINT('',(-22.1288584391434,180.17652898945,-184.738100508531));
#3938=CARTESIAN_POINT('Origin',(52.7569060610122,206.851616858109,-158.706879757597));
#3939=CARTESIAN_POINT('',(52.7383225231752,197.010613611207,-150.729347892298));
#3940=CARTESIAN_POINT('',(52.7383225231751,219.510445977323,-159.197190779232));
#3941=CARTESIAN_POINT('Origin',(52.7383225231751,208.260529794265,-154.963269335765));
#3942=CARTESIAN_POINT('',(52.7569060610123,195.601700675051,-154.47295831413));
#3943=CARTESIAN_POINT('',(52.7569060610123,195.601700675051,-154.47295831413));
#3944=CARTESIAN_POINT('',(52.7569060610122,218.101533041167,-162.940801201064));
#3945=CARTESIAN_POINT('Origin',(52.7569060610122,206.851616858109,-158.706879757597));
#3946=CARTESIAN_POINT('',(52.7569060610122,218.101533041167,-162.940801201064));
#3947=CARTESIAN_POINT('Origin',(52.7569060610122,218.101533041167,-162.940801201064));
#3948=CARTESIAN_POINT('',(11.166038626237,219.442415138053,-159.377954936026));
#3949=CARTESIAN_POINT('',(52.7383225231751,219.510445977323,-159.197190779232));
#3950=CARTESIAN_POINT('',(11.1846221640741,218.033502201896,-163.121565357859));
#3951=CARTESIAN_POINT('',(52.7569060610122,218.101533041167,-162.940801201064));
#3952=CARTESIAN_POINT('',(11.1846221640741,218.033502201896,-163.121565357859));
#3953=CARTESIAN_POINT('Origin',(11.1846221640741,195.53366983578,-154.653722470924));
#3954=CARTESIAN_POINT('',(24.9892599989791,195.556260393953,-154.593697293471));
#3955=CARTESIAN_POINT('',(24.9706764611425,196.965173330109,-150.850086871638));
#3956=CARTESIAN_POINT('',(25.1155103932052,185.984573066258,-180.026545211127));
#3957=CARTESIAN_POINT('',(11.1846221640741,195.53366983578,-154.653722470924));
#3958=CARTESIAN_POINT('',(11.166038626237,196.942582771936,-150.910112049092));
#3959=CARTESIAN_POINT('Origin',(0.209895010289409,132.792715383053,-150.222632266062));
#3960=CARTESIAN_POINT('',(-8.42326930733992,165.779334787607,-150.624396031902));
#3961=CARTESIAN_POINT('',(-19.7898605522101,160.409018041826,-150.622138084483));
#3962=CARTESIAN_POINT('Origin',(0.209895010291183,132.792715383048,-150.222632266064));
#3963=CARTESIAN_POINT('',(-9.57809238273215,167.513277612412,-152.649123821969));
#3964=CARTESIAN_POINT('Ctrl Pts',(-8.42326930733979,165.779334787607,-150.624396031901));
#3965=CARTESIAN_POINT('Ctrl Pts',(-8.42276426013516,165.77822287855,-150.726541321916));
#3966=CARTESIAN_POINT('Ctrl Pts',(-8.42940141722202,165.783311032853,-150.828891652477));
#3967=CARTESIAN_POINT('Ctrl Pts',(-8.47289409662847,165.819789887584,-151.153103483447));
#3968=CARTESIAN_POINT('Ctrl Pts',(-8.53510555352188,165.873980995496,-151.364511025441));
#3969=CARTESIAN_POINT('Ctrl Pts',(-8.71360990238167,166.050343861533,-151.788158840813));
#3970=CARTESIAN_POINT('Ctrl Pts',(-8.83675699162531,166.183031445128,-151.992134428114));
#3971=CARTESIAN_POINT('Ctrl Pts',(-9.09253927634036,166.517091533569,-152.330308420104));
#3972=CARTESIAN_POINT('Ctrl Pts',(-9.22504957348296,166.719503376022,-152.463258208486));
#3973=CARTESIAN_POINT('Ctrl Pts',(-9.43315546304633,167.126795639643,-152.612047708033));
#3974=CARTESIAN_POINT('Ctrl Pts',(-9.51295615796999,167.316182177146,-152.64665626749));
#3975=CARTESIAN_POINT('Ctrl Pts',(-9.57809238273217,167.513277612412,-152.649123821968));
#3976=CARTESIAN_POINT('',(-17.7799969020099,164.060454625204,-152.652091396866));
#3977=CARTESIAN_POINT('Origin',(0.219783104238216,132.770945811583,-152.222489338802));
#3978=CARTESIAN_POINT('',(-17.7898849959564,164.043355588905,-152.651929709416));
#3979=CARTESIAN_POINT('',(-17.7898849959564,164.043355588905,-152.651929709416));
#3980=CARTESIAN_POINT('Ctrl Pts',(-17.7898849959578,164.043355588906,-152.651929709416));
#3981=CARTESIAN_POINT('Ctrl Pts',(-18.0204406127282,163.64456821345,-152.647588684055));
#3982=CARTESIAN_POINT('Ctrl Pts',(-18.2511786959664,163.238372292063,-152.603309600957));
#3983=CARTESIAN_POINT('Ctrl Pts',(-18.8075026690381,162.241664381105,-152.390749490043));
#3984=CARTESIAN_POINT('Ctrl Pts',(-19.1026011253614,161.695955183507,-152.175856391346));
#3985=CARTESIAN_POINT('Ctrl Pts',(-19.4608385785322,161.024660809235,-151.737576353718));
#3986=CARTESIAN_POINT('Ctrl Pts',(-19.5680406124697,160.821544037817,-151.555817449212));
#3987=CARTESIAN_POINT('Ctrl Pts',(-19.6965221400288,160.57891248099,-151.233190565546));
#3988=CARTESIAN_POINT('Ctrl Pts',(-19.7389101816727,160.499098035517,-151.089504423197));
#3989=CARTESIAN_POINT('Ctrl Pts',(-19.780538210349,160.423004063452,-150.830652734019));
#3990=CARTESIAN_POINT('Ctrl Pts',(-19.7893404981477,160.407873093756,-150.727318496419));
#3991=CARTESIAN_POINT('Ctrl Pts',(-19.7898605522101,160.409018041826,-150.622138084483));
#3992=CARTESIAN_POINT('Origin',(0.162195136139363,132.897731155035,-140.575380614521));
#3993=CARTESIAN_POINT('',(-8.46529370662795,165.871855466372,-142.125003472791));
#3994=CARTESIAN_POINT('',(-8.39113300200201,165.708583680316,-157.123931518281));
#3995=CARTESIAN_POINT('',(-19.8318849514982,160.501538720592,-142.122745525373));
#3996=CARTESIAN_POINT('',(-19.7898605522101,160.409018041826,-150.622138084483));
#3997=CARTESIAN_POINT('Origin',(0.167870611003158,132.885236061813,-141.723239706953));
#3998=CARTESIAN_POINT('Origin',(22.7504858920663,219.44303856907,-159.320683577658));
#3999=CARTESIAN_POINT('',(-22.2489641239561,219.440616869332,-159.543152511145));
#4000=CARTESIAN_POINT('',(-33.2740401477893,219.418463108168,-159.589544143069));
#4001=CARTESIAN_POINT('',(-22.2964843369378,193.139141217378,-149.644791833373));
#4002=CARTESIAN_POINT('Origin',(-26.2964354494381,193.138925955179,-149.664566849683));
#4003=CARTESIAN_POINT('',(-22.3288727716531,175.212798582344,-142.898348881545));
#4004=CARTESIAN_POINT('',(-22.3288727716531,175.212798582344,-142.898348881545));
#4005=CARTESIAN_POINT('',(-19.8289033263404,175.212933121219,-142.885989496351));
#4006=CARTESIAN_POINT('',(-19.8289033263404,175.212933121219,-142.885989496351));
#4007=CARTESIAN_POINT('',(-19.7931564352495,194.99811333961,-150.331991860167));
#4008=CARTESIAN_POINT('',(-19.7931564352495,194.99811333961,-150.331991860167));
#4009=CARTESIAN_POINT('',(20.2063546897533,195.000265961599,-150.134241697069));
#4010=CARTESIAN_POINT('',(20.2063546897533,195.000265961599,-150.134241697069));
#4011=CARTESIAN_POINT('',(20.1706077986623,175.215085743208,-142.688239333253));
#4012=CARTESIAN_POINT('',(20.1706077986623,175.215085743208,-142.688239333253));
#4013=CARTESIAN_POINT('',(22.670577243975,175.215220282082,-142.67587994806));
#4014=CARTESIAN_POINT('',(22.670577243975,175.215220282082,-142.67587994806));
#4015=CARTESIAN_POINT('',(22.7037827114391,193.593773995808,-149.592509106116));
#4016=CARTESIAN_POINT('',(22.7037827114391,193.593773995807,-149.592509106116));
#4017=CARTESIAN_POINT('Origin',(26.7037338239394,193.593989258006,-149.572734089806));
#4018=CARTESIAN_POINT('',(-22.2489641235618,219.440616869333,-159.543152511143));
#4019=CARTESIAN_POINT('',(-8.15359419345011,215.664448654615,-158.052016025709));
#4020=CARTESIAN_POINT('Origin',(-9.80357386419717,215.664448654615,-158.060206637495));
#4021=CARTESIAN_POINT('',(11.8477137650353,215.697179735022,-157.965046554009));
#4022=CARTESIAN_POINT('Origin',(10.1977340942882,215.697179735022,-157.973237165795));
#4023=CARTESIAN_POINT('',(7.73887250741621,214.504041412924,-157.536403872524));
#4024=CARTESIAN_POINT('Origin',(7.73887250741621,212.912989812731,-156.93760941236));
#4025=CARTESIAN_POINT('',(52.7383225230442,214.506463112662,-157.313934939039));
#4026=CARTESIAN_POINT('Origin',(52.7383225230442,212.915411512468,-156.715140478875));
#4027=CARTESIAN_POINT('Origin',(22.731868229493,197.44401466107,-155.31536205774));
#4028=CARTESIAN_POINT('',(-22.2303805857246,218.031703933176,-163.286762932975));
#4029=CARTESIAN_POINT('',(-22.2303805857246,218.031703933176,-163.286762932975));
#4030=CARTESIAN_POINT('',(-22.2303805857246,218.031703933176,-163.286762932975));
#4031=CARTESIAN_POINT('',(22.7223662492763,192.184861059651,-153.336119527948));
#4032=CARTESIAN_POINT('Origin',(26.7223173617765,192.18507632185,-153.316344511639));
#4033=CARTESIAN_POINT('',(22.7244521590304,193.339369861572,-153.770610150387));
#4034=CARTESIAN_POINT('',(22.731868229493,197.44401466107,-155.31536205774));
#4035=CARTESIAN_POINT('',(-22.2749978565976,193.336948161834,-153.993079083871));
#4036=CARTESIAN_POINT('',(26.8244020493431,193.339590505326,-153.750340758669));
#4037=CARTESIAN_POINT('',(-22.2779007991006,191.730228281221,-153.388402255206));
#4038=CARTESIAN_POINT('',(-22.267581786135,197.441592961333,-155.537830991225));
#4039=CARTESIAN_POINT('Origin',(-26.2778519116009,191.730013019023,-153.408177271515));
#4040=CARTESIAN_POINT('',(-8.13501065561297,214.255535718459,-161.795626447542));
#4041=CARTESIAN_POINT('Origin',(-9.78499032636003,214.255535718459,-161.803817059328));
#4042=CARTESIAN_POINT('',(11.8662973028724,214.288266798866,-161.708656975842));
#4043=CARTESIAN_POINT('Origin',(10.2163176321254,214.288266798866,-161.716847587627));
#4044=CARTESIAN_POINT('',(7.75745604525335,213.095128476768,-161.280014294356));
#4045=CARTESIAN_POINT('Origin',(7.75745604525335,211.504076876575,-160.681219834193));
#4046=CARTESIAN_POINT('',(52.7569060608814,213.097550176505,-161.057545360871));
#4047=CARTESIAN_POINT('Origin',(52.7569060608814,211.506498576312,-160.458750900708));
#4048=CARTESIAN_POINT('Origin',(-22.0751592824762,206.263583996582,-194.555733008727));
#4049=CARTESIAN_POINT('',(-22.2489641235617,219.440616869333,-159.543152511143));
#4050=CARTESIAN_POINT('Origin',(0.219783104241306,132.770945811574,-152.222489338796));
#4051=CARTESIAN_POINT('',(-5.78014356450883,172.768253218949,-152.687548614108));
#4052=CARTESIAN_POINT('Origin',(-5.78014356450883,168.768490188882,-152.644008939024));
#4053=CARTESIAN_POINT('',(6.21970977299197,172.768899005546,-152.628223565179));
#4054=CARTESIAN_POINT('',(0.219783104241294,172.768576112248,-152.657886089644));
#4055=CARTESIAN_POINT('',(10.0176585912152,167.514332181411,-152.552246064163));
#4056=CARTESIAN_POINT('Origin',(6.21970977299197,168.769135975479,-152.584683890094));
#4057=CARTESIAN_POINT('',(18.2195631104926,164.062391984994,-152.474116250079));
#4058=CARTESIAN_POINT('Origin',(0.219783104245483,132.770945811584,-152.222489338799));
#4059=CARTESIAN_POINT('',(18.2195631104926,192.971251046614,-152.788805475703));
#4060=CARTESIAN_POINT('',(18.2195631104926,194.971132561648,-152.810575313246));
#4061=CARTESIAN_POINT('',(-17.7799969020099,192.969313686824,-152.966780622492));
#4062=CARTESIAN_POINT('',(-19.77997245826,192.969206055725,-152.976668130646));
#4063=CARTESIAN_POINT('',(-17.7799969020099,132.769977131679,-152.31147691219));
#4064=CARTESIAN_POINT('Origin',(-19.7898605522101,192.990975627199,-150.976811057914));
#4065=CARTESIAN_POINT('',(-17.78988499596,192.979200928911,-152.966912695892));
#4066=CARTESIAN_POINT('',(-17.7799969020099,192.969313686824,-152.966780622492));
#4067=CARTESIAN_POINT('',(20.2096505727926,194.993009764221,-150.800830732359));
#4068=CARTESIAN_POINT('Origin',(18.2096750165428,192.993020618089,-150.788948402973));
#4069=CARTESIAN_POINT('',(-19.7898605522101,194.990857142232,-150.998580895457));
#4070=CARTESIAN_POINT('',(20.2096505727926,194.993009764221,-150.800830732359));
#4071=CARTESIAN_POINT('Origin',(-17.7898849959613,192.991083258299,-150.966923549761));
#4072=CARTESIAN_POINT('Origin',(-17.78988499596,160.409125672926,-150.612250576328));
#4073=CARTESIAN_POINT('',(-19.7898605522101,194.990857142232,-150.998580895457));
#4074=CARTESIAN_POINT('Origin',(0.209895010290186,132.792715383046,-150.222632266076));
#4075=CARTESIAN_POINT('',(8.84305932792268,165.780263995931,-150.539034506031));
#4076=CARTESIAN_POINT('Ctrl Pts',(10.0176585912153,167.514332181412,-152.552246064163));
#4077=CARTESIAN_POINT('Ctrl Pts',(9.96266534081908,167.347922411608,-152.550706508665));
#4078=CARTESIAN_POINT('Ctrl Pts',(9.89686438194354,167.186484352915,-152.526333627368));
#4079=CARTESIAN_POINT('Ctrl Pts',(9.71755185126848,166.816807948107,-152.414808343161));
#4080=CARTESIAN_POINT('Ctrl Pts',(9.59833888745738,166.622772641357,-152.307765076425));
#4081=CARTESIAN_POINT('Ctrl Pts',(9.34293893482357,166.268760861729,-152.009013646248));
#4082=CARTESIAN_POINT('Ctrl Pts',(9.20718187984635,166.116867627815,-151.809261999342));
#4083=CARTESIAN_POINT('Ctrl Pts',(8.9952286386251,165.903836233154,-151.372862307403));
#4084=CARTESIAN_POINT('Ctrl Pts',(8.91504274790349,165.834988873194,-151.142190360119));
#4085=CARTESIAN_POINT('Ctrl Pts',(8.85404112022652,165.786150150713,-150.778096360908));
#4086=CARTESIAN_POINT('Ctrl Pts',(8.84365057437555,165.778962311099,-150.658613507428));
#4087=CARTESIAN_POINT('Ctrl Pts',(8.84305932792281,165.780263995931,-150.539034506031));
#4088=CARTESIAN_POINT('',(20.2096505727926,160.411170663815,-150.424387921386));
#4089=CARTESIAN_POINT('Origin',(0.209895010291183,132.792715383048,-150.222632266064));
#4090=CARTESIAN_POINT('Ctrl Pts',(20.2096505727926,160.411170663815,-150.424387921386));
#4091=CARTESIAN_POINT('Ctrl Pts',(20.210170626855,160.410025715745,-150.529568333321));
#4092=CARTESIAN_POINT('Ctrl Pts',(20.2023888464622,160.425155792949,-150.632984559478));
#4093=CARTESIAN_POINT('Ctrl Pts',(20.1633140297929,160.501245421893,-150.892235228553));
#4094=CARTESIAN_POINT('Ctrl Pts',(20.1223401505107,160.581055381144,-151.036333496775));
#4095=CARTESIAN_POINT('Ctrl Pts',(19.9970287266282,160.823673279796,-151.360215085713));
#4096=CARTESIAN_POINT('Ctrl Pts',(19.8916071927704,161.026778608619,-151.543025161697));
#4097=CARTESIAN_POINT('Ctrl Pts',(19.537648446039,161.698034655194,-151.984826165227));
#4098=CARTESIAN_POINT('Ctrl Pts',(19.2446304129874,162.243712202593,-152.202626802751));
#4099=CARTESIAN_POINT('Ctrl Pts',(18.6891884789802,163.24240927449,-152.42112591797));
#4100=CARTESIAN_POINT('Ctrl Pts',(18.4576034080271,163.650746591146,-152.467718437218));
#4101=CARTESIAN_POINT('Ctrl Pts',(18.2237625859025,164.055131631361,-152.474013145706));
#4102=CARTESIAN_POINT('Ctrl Pts',(18.2216629922528,164.05876187115,-152.474066351587));
#4103=CARTESIAN_POINT('Ctrl Pts',(18.2195631104926,164.062391984994,-152.474116250079));
#4104=CARTESIAN_POINT('Origin',(18.2096750165424,194.992902133122,-150.810718240514));
#4105=CARTESIAN_POINT('',(20.2096505727926,160.411170663815,-150.424387921386));
#4106=CARTESIAN_POINT('Origin',(26.8485677560023,182.613388994155,-178.749192429294));
#4107=CARTESIAN_POINT('',(22.7223662492763,192.184861059651,-153.336119527948));
#4108=CARTESIAN_POINT('Origin',(-19.837560426362,195.09587291422,-141.351329243914));
#4109=CARTESIAN_POINT('',(20.2096505727926,194.993009764221,-150.800830732359));
#4110=CARTESIAN_POINT('',(-19.7931564352495,194.99811333961,-150.331991860167));
#4111=CARTESIAN_POINT('Origin',(22.7690694299035,218.034125632913,-163.06429399949));
#4112=CARTESIAN_POINT('Origin',(-26.1226306083525,179.961893082428,-184.677147347268));
#4113=CARTESIAN_POINT('',(-22.1226794958522,179.962108344627,-184.657372330959));
#4114=CARTESIAN_POINT('Origin',(-23.0253435765222,-0.00123913666673992,
-0.113833027443963));
#4115=CARTESIAN_POINT('',(-22.2749978565976,161.735015039473,-153.64907422912));
#4116=CARTESIAN_POINT('',(-22.2749978565976,74.9022731650001,-152.703850889758));
#4117=CARTESIAN_POINT('',(-22.3318543968108,161.86019007545,-142.149896060912));
#4118=CARTESIAN_POINT('',(-23.0253435765222,163.386971914339,-1.89240579997245));
#4119=CARTESIAN_POINT('',(-22.3318543968108,171.799364099325,-142.258089572467));
#4120=CARTESIAN_POINT('',(-22.3318543968108,171.799364099325,-142.258089572467));
#4121=CARTESIAN_POINT('Origin',(-22.2824139270602,171.690516241954,-152.257374936126));
#4122=CARTESIAN_POINT('Origin',(0.217311080753776,171.691727091823,-152.146140469383));
#4123=CARTESIAN_POINT('',(-19.8318849514982,171.7994986382,-142.245730187273));
#4124=CARTESIAN_POINT('',(0.167870611003158,171.800574949194,-142.146855105724));
#4125=CARTESIAN_POINT('Origin',(-19.7824444817476,171.690650780829,-152.245015550932));
#4126=CARTESIAN_POINT('Origin',(-19.837560426362,160.514033813814,-140.974886432941));
#4127=CARTESIAN_POINT('',(-19.8318849514982,160.501538720592,-142.122745525373));
#4128=CARTESIAN_POINT('Origin',(0.162195136139363,132.897731155035,-140.575380614521));
#4129=CARTESIAN_POINT('',(8.80103492863468,165.872784674696,-142.03964194692));
#4130=CARTESIAN_POINT('',(8.87519563326058,165.70951288864,-157.038569992409));
#4131=CARTESIAN_POINT('',(20.1676261735046,160.503691342581,-141.924995362275));
#4132=CARTESIAN_POINT('Origin',(0.167870611003158,132.885236061813,-141.723239706953));
#4133=CARTESIAN_POINT('',(20.1676261735046,160.50369134258,-141.924995362275));
#4134=CARTESIAN_POINT('Origin',(20.1619506986408,195.098025536209,-141.153579080816));
#4135=CARTESIAN_POINT('',(20.1676261735046,171.801651260188,-142.047980024175));
#4136=CARTESIAN_POINT('Origin',(20.2170666432552,171.692803402818,-152.047265387835));
#4137=CARTESIAN_POINT('',(20.1676261735046,171.801651260188,-142.047980024175));
#4138=CARTESIAN_POINT('Origin',(0.217311080753776,171.691727091823,-152.146140469383));
#4139=CARTESIAN_POINT('',(22.6675956188173,171.801785799063,-142.035620638982));
#4140=CARTESIAN_POINT('',(0.167870611003158,171.800574949194,-142.146855105724));
#4141=CARTESIAN_POINT('Origin',(22.7170360885679,171.692937941692,-152.034906002641));
#4142=CARTESIAN_POINT('Origin',(21.9741064391059,0.00118256307086363,0.108635906040935));
#4143=CARTESIAN_POINT('',(22.6675956188172,161.862611775187,-141.927427127427));
#4144=CARTESIAN_POINT('',(22.6675956188172,171.801785799063,-142.035620638982));
#4145=CARTESIAN_POINT('',(22.7244521590305,161.737436739211,-153.426605295635));
#4146=CARTESIAN_POINT('',(22.7318682294931,161.721109560605,-154.926498100184));
#4147=CARTESIAN_POINT('',(22.7244521590304,74.9046948647377,-152.481381956274));
#4148=CARTESIAN_POINT('Origin',(0.355744396055508,132.471614203804,-179.72052408886));
#4149=CARTESIAN_POINT('',(25.3713070458948,146.401933015726,-142.745832161675));
#4150=CARTESIAN_POINT('',(25.5542367839721,145.999195943454,-179.743188007216));
#4151=CARTESIAN_POINT('',(-25.0256777299383,146.399220841138,-142.994985505773));
#4152=CARTESIAN_POINT('Origin',(0.172814657978219,132.874351276076,-142.723168243319));
#4153=CARTESIAN_POINT('',(-24.842747991861,145.996483768866,-179.992341351313));
#4154=CARTESIAN_POINT('Origin',(0.167870611003158,132.885236061813,-141.723239706953));
#4155=CARTESIAN_POINT('',(30.6206161362789,145.886104760803,-141.714190926082));
#4156=CARTESIAN_POINT('',(26.7600257411064,145.885896998469,-141.733276968857));
#4157=CARTESIAN_POINT('',(0.167870611003158,145.884465909532,-141.864743650979));
#4158=CARTESIAN_POINT('',(32.4147558532416,148.769763461735,-141.736710231452));
#4159=CARTESIAN_POINT('Origin',(30.6206161362789,147.885986275836,-141.735960763625));
#4160=CARTESIAN_POINT('',(23.3763090615334,160.335454765217,-141.907298999605));
#4161=CARTESIAN_POINT('Origin',(0.167870611003158,132.885236061813,-141.723239706953));
#4162=CARTESIAN_POINT('Origin',(24.6675711750674,161.862719406287,-141.917539619272));
#4163=CARTESIAN_POINT('',(6.16779727975382,164.88366319565,-142.041894583167));
#4164=CARTESIAN_POINT('Origin',(6.16779727975382,168.883426225718,-142.085434258252));
#4165=CARTESIAN_POINT('',(-5.83205605774698,164.883017409054,-142.101219632096));
#4166=CARTESIAN_POINT('',(-5.83205605774698,164.883017409054,-142.101219632096));
#4167=CARTESIAN_POINT('Origin',(-5.83205605774698,168.882780439121,-142.144759307181));
#4168=CARTESIAN_POINT('',(-23.040567839527,160.332956784941,-142.136775428678));
#4169=CARTESIAN_POINT('Origin',(-24.331829953061,161.86008244435,-142.159783569066));
#4170=CARTESIAN_POINT('',(-32.0790146312353,148.766292651603,-142.055555469141));
#4171=CARTESIAN_POINT('Origin',(0.167870611003158,132.885236061813,-141.723239706953));
#4172=CARTESIAN_POINT('',(-30.2848749142725,145.882827058261,-142.015296375875));
#4173=CARTESIAN_POINT('Origin',(-30.2848749142725,147.882708573295,-142.037066213418));
#4174=CARTESIAN_POINT('',(-26.4242845191,145.883034820595,-141.996210333101));
#4175=CARTESIAN_POINT('',(0.167870611003158,145.884465909532,-141.864743650979));
#4176=CARTESIAN_POINT('Origin',(0.167870611003158,132.885236061813,-141.723239706953));
#4177=CARTESIAN_POINT('Origin',(0.405184865806136,132.362766346434,-189.719809452497));
#4178=CARTESIAN_POINT('',(-8.59470513731948,174.359793822193,-190.221469827584));
#4179=CARTESIAN_POINT('',(-10.5946806935696,172.35980467606,-190.209587498196));
#4180=CARTESIAN_POINT('Origin',(-8.59470513731948,172.35991230716,-190.199699990041));
#4181=CARTESIAN_POINT('',(9.40507486893202,174.360762502088,-190.13248225419));
#4182=CARTESIAN_POINT('',(5.90511764549413,174.360574147664,-190.149785393461));
#4183=CARTESIAN_POINT('',(11.4050504251821,172.360988618154,-190.100824908492));
#4184=CARTESIAN_POINT('Origin',(9.40507486893202,172.360880987055,-190.110712416647));
#4185=CARTESIAN_POINT('',(11.4050504251821,168.011879115248,-190.053482400139));
#4186=CARTESIAN_POINT('',(11.4050504251821,172.360988618154,-190.100824908492));
#4187=CARTESIAN_POINT('',(12.7198664926183,166.133086734526,-190.026529709092));
#4188=CARTESIAN_POINT('Origin',(13.4050259814322,168.011986746348,-190.043594891984));
#4189=CARTESIAN_POINT('',(32.6520701080444,148.247293746355,-189.733279976995));
#4190=CARTESIAN_POINT('Origin',(0.405184865806136,132.362766346434,-189.719809452497));
#4191=CARTESIAN_POINT('',(30.8579303910817,145.363635045423,-189.710760671626));
#4192=CARTESIAN_POINT('Origin',(30.8579303910817,147.363516560457,-189.732530509168));
#4193=CARTESIAN_POINT('',(26.9973399959096,145.36342728309,-189.7298467144));
#4194=CARTESIAN_POINT('',(42.4046715470588,145.364256447241,-189.65367572527));
#4195=CARTESIAN_POINT('',(-26.1869702642975,145.360565105215,-189.992780078644));
#4196=CARTESIAN_POINT('Origin',(0.405184865806014,132.362766346433,-189.719809452497));
#4197=CARTESIAN_POINT('',(-30.0475606594697,145.360357342881,-190.011866121419));
#4198=CARTESIAN_POINT('',(42.4046715470588,145.364256447241,-189.65367572527));
#4199=CARTESIAN_POINT('',(-31.8417003764322,148.243822936223,-190.052125214684));
#4200=CARTESIAN_POINT('Origin',(-30.0475606594697,147.360238857915,-190.033635958961));
#4201=CARTESIAN_POINT('',(-11.9094967610058,166.131761275604,-190.148292712273));
#4202=CARTESIAN_POINT('Origin',(0.405184865806136,132.362766346434,-189.719809452497));
#4203=CARTESIAN_POINT('',(-10.5946806935696,168.010695173154,-190.162244989842));
#4204=CARTESIAN_POINT('Origin',(-12.5946562498197,168.010587542055,-190.172132497997));
#4205=CARTESIAN_POINT('',(-10.5946806935696,172.359804676061,-190.209587498196));
#4206=CARTESIAN_POINT('',(6.40521916434067,168.660820265439,-190.085267657625));
#4207=CARTESIAN_POINT('Origin',(6.40521916434067,170.360719553217,-190.103772019536));
#4208=CARTESIAN_POINT('',(-5.59463417316013,168.660174478842,-190.144592706555));
#4209=CARTESIAN_POINT('Origin',(-5.59463417316013,170.36007376662,-190.163097068466));
#4210=CARTESIAN_POINT('Origin',(6.30623059505544,170.57865222508,-170.083433276475));
#4211=CARTESIAN_POINT('',(6.39285904690302,168.688032229781,-187.58544631671));
#4212=CARTESIAN_POINT('Origin',(6.39285904690302,170.38793151756,-187.603950678621));
#4213=CARTESIAN_POINT('',(6.30623059505544,168.878752937301,-170.064928914564));
#4214=CARTESIAN_POINT('Origin',(-5.69362274244536,170.578006438483,-170.142758325405));
#4215=CARTESIAN_POINT('',(-5.60699429059778,168.687386443184,-187.644771365639));
#4216=CARTESIAN_POINT('Origin',(-5.60699429059778,170.387285730963,-187.66327572755));
#4217=CARTESIAN_POINT('',(-5.69362274244536,168.878107150704,-170.124253963494));
#4218=CARTESIAN_POINT('Origin',(-24.2060646722717,161.583198316538,-167.595685327192));
#4219=CARTESIAN_POINT('',(-22.9837112993138,160.207781748964,-153.635953596887));
#4220=CARTESIAN_POINT('Origin',(-24.2749734128477,161.734907408374,-153.658961737275));
#4221=CARTESIAN_POINT('',(-22.9148025587378,160.056072657128,-167.572677186805));
#4222=CARTESIAN_POINT('Origin',(24.7933364558566,161.585835278474,-167.353441377398));
#4223=CARTESIAN_POINT('',(23.4331656017466,160.210279729241,-153.406477167813));
#4224=CARTESIAN_POINT('',(23.5020743423226,160.058570637405,-167.343200757731));
#4225=CARTESIAN_POINT('Origin',(24.7244277152806,161.73754437031,-153.41671778748));
#4226=CARTESIAN_POINT('Origin',(13.3803057465569,168.066410675033,-185.043952210154));
#4227=CARTESIAN_POINT('',(12.7075063751806,166.160298698869,-187.526708368177));
#4228=CARTESIAN_POINT('',(11.3926903077445,168.039091079591,-187.553661059224));
#4229=CARTESIAN_POINT('Origin',(13.3926658639946,168.03919871069,-187.54377355107));
#4230=CARTESIAN_POINT('',(12.695146257743,166.187510663212,-185.026887027261));
#4231=CARTESIAN_POINT('',(11.4050504251821,168.011879115248,-190.053482400139));
#4232=CARTESIAN_POINT('Origin',(-5.68373464849513,172.555999897076,-172.186155073244));
#4233=CARTESIAN_POINT('',(-5.77519951753378,172.757368433212,-153.687477150474));
#4234=CARTESIAN_POINT('',(6.22465381996703,172.758014219809,-153.628152101545));
#4235=CARTESIAN_POINT('',(12.574576211061,172.758355948549,-153.596759263153));
#4236=CARTESIAN_POINT('',(6.31611868900567,172.556645683673,-172.126830024315));
#4237=CARTESIAN_POINT('',(-5.68373464849513,172.555999897076,-172.186155073244));
#4238=CARTESIAN_POINT('Origin',(0.40024081883095,132.37365113217,-188.71988091613));
#4239=CARTESIAN_POINT('',(-24.7982515690856,145.898520697233,-188.991698178584));
#4240=CARTESIAN_POINT('',(25.5987332067475,145.901232871821,-188.742544834486));
#4241=CARTESIAN_POINT('Origin',(0.40024081883095,132.37365113217,-188.71988091613));
#4242=CARTESIAN_POINT('',(-25.676646220553,145.365595882632,-189.530628776736));
#4243=CARTESIAN_POINT('Ctrl Pts',(-24.7982515690856,145.898520697233,-188.991698178584));
#4244=CARTESIAN_POINT('Ctrl Pts',(-24.8555702139618,145.791746688621,-188.990819289642));
#4245=CARTESIAN_POINT('Ctrl Pts',(-24.9351807627571,145.69248736488,-189.014403830667));
#4246=CARTESIAN_POINT('Ctrl Pts',(-25.1155738544985,145.535357753847,-189.101831809235));
#4247=CARTESIAN_POINT('Ctrl Pts',(-25.2161990889141,145.477091444184,-189.165287127053));
#4248=CARTESIAN_POINT('Ctrl Pts',(-25.4288134539004,145.390906974305,-189.31731165221));
#4249=CARTESIAN_POINT('Ctrl Pts',(-25.5545362128424,145.366797332774,-189.420257813903));
#4250=CARTESIAN_POINT('Ctrl Pts',(-25.676646220553,145.365595882632,-189.530628776736));
#4251=CARTESIAN_POINT('Origin',(217.876644792561,142.432793918975,-458.951845229588));
#4252=CARTESIAN_POINT('',(26.4824708900994,145.368402888499,-189.272763777251));
#4253=CARTESIAN_POINT('Origin',(-214.394832206737,142.409529757676,-461.089034424311));
#4254=CARTESIAN_POINT('Ctrl Pts',(26.4824708900994,145.3684028885,-189.272763777251));
#4255=CARTESIAN_POINT('Ctrl Pts',(26.359275442236,145.369591137232,-189.163605559086));
#4256=CARTESIAN_POINT('Ctrl Pts',(26.2325383660394,145.393687192332,-189.061907511987));
#4257=CARTESIAN_POINT('Ctrl Pts',(26.0184219937975,145.479848697181,-188.911992664436));
#4258=CARTESIAN_POINT('Ctrl Pts',(25.9171680001734,145.53810414247,-188.849535400073));
#4259=CARTESIAN_POINT('Ctrl Pts',(25.7359023812333,145.695214290403,-188.763895395082));
#4260=CARTESIAN_POINT('Ctrl Pts',(25.6560518516237,145.794465032553,-188.741099200049));
#4261=CARTESIAN_POINT('Ctrl Pts',(25.5987332067475,145.901232871821,-188.742544834486));
#4262=CARTESIAN_POINT('Origin',(0.167870611003158,132.885236061813,-141.723239706953));
#4263=CARTESIAN_POINT('',(-25.9094154132902,145.878059215185,-142.45329327025));
#4264=CARTESIAN_POINT('Origin',(214.96788934771,148.836932490881,129.362979249903));
#4265=CARTESIAN_POINT('Ctrl Pts',(-25.9094154132902,145.878059215184,-142.45329327025));
#4266=CARTESIAN_POINT('Ctrl Pts',(-25.7862199654269,145.876870966452,-142.562451488414));
#4267=CARTESIAN_POINT('Ctrl Pts',(-25.6594828892303,145.898747492876,-142.664649972976));
#4268=CARTESIAN_POINT('Ctrl Pts',(-25.4453665169883,145.981625152113,-142.816404907109));
#4269=CARTESIAN_POINT('Ctrl Pts',(-25.3441125233643,146.038507189074,-142.880115507864));
#4270=CARTESIAN_POINT('Ctrl Pts',(-25.1628469044241,146.193715849183,-142.969155279122));
#4271=CARTESIAN_POINT('Ctrl Pts',(-25.0829963748146,146.292446832526,-142.994106616831));
#4272=CARTESIAN_POINT('Ctrl Pts',(-25.0256777299383,146.399220841138,-142.994985505773));
#4273=CARTESIAN_POINT('',(26.2497016973622,145.880866221052,-142.195428270764));
#4274=CARTESIAN_POINT('Ctrl Pts',(25.3713070458948,146.401933015726,-142.745832161676));
#4275=CARTESIAN_POINT('Ctrl Pts',(25.428625690771,146.295165176458,-142.744386527238));
#4276=CARTESIAN_POINT('Ctrl Pts',(25.5082362395662,146.196442774706,-142.718646843537));
#4277=CARTESIAN_POINT('Ctrl Pts',(25.6886293313076,146.041253577697,-142.627819098702));
#4278=CARTESIAN_POINT('Ctrl Pts',(25.7892545657232,145.98438240511,-142.563110444492));
#4279=CARTESIAN_POINT('Ctrl Pts',(26.0018689307095,145.901527710903,-142.409245832753));
#4280=CARTESIAN_POINT('Ctrl Pts',(26.1275916896516,145.87966477091,-142.305799233597));
#4281=CARTESIAN_POINT('Ctrl Pts',(26.2497016973622,145.880866221052,-142.195428270764));
#4282=CARTESIAN_POINT('Origin',(-217.303588855443,148.813667736817,127.225787678843));
#4283=CARTESIAN_POINT('Origin',(42.1607087365366,145.901363585127,-140.312442261313));
#4284=CARTESIAN_POINT('',(-25.9183365000425,145.897699829105,-140.649012432309));
#4285=CARTESIAN_POINT('',(-30.0475606594697,145.360357342881,-190.011866121419));
#4286=CARTESIAN_POINT('',(-25.9183365000425,145.897699829105,-140.649012432309));
#4287=CARTESIAN_POINT('',(-29.4750181339731,145.697824760963,-159.010493234071));
#4288=CARTESIAN_POINT('Origin',(-25.7238141592707,146.469381306106,-180.001845451399));
#4289=CARTESIAN_POINT('Origin',(30.7463814170681,147.609102148024,-167.171862521751));
#4290=CARTESIAN_POINT('',(32.5405211340308,148.492879333922,-167.172611989577));
#4291=CARTESIAN_POINT('',(30.6206161362789,145.886104760803,-141.714190926082));
#4292=CARTESIAN_POINT('Origin',(-30.1591096334833,147.605824445482,-167.472967971543));
#4293=CARTESIAN_POINT('',(-31.953249350446,148.48940852379,-167.491457227266));
#4294=CARTESIAN_POINT('Origin',(52.7569060608814,211.506498576312,-160.458750900708));
#4295=CARTESIAN_POINT('',(52.7569060608814,213.097550176505,-161.057545360871));
#4296=CARTESIAN_POINT('Origin',(7.75745604525335,211.504076876575,-160.681219834193));
#4297=CARTESIAN_POINT('',(7.75745604525335,213.095128476768,-161.280014294356));
#4298=CARTESIAN_POINT('Origin',(0.918443317076543,-2.02203958992622,-185.754238665567));
#4299=CARTESIAN_POINT('',(30.9076938879874,151.390494898125,-187.275941715712));
#4300=CARTESIAN_POINT('',(27.3739701106182,151.390304726513,-187.293411790562));
#4301=CARTESIAN_POINT('',(0.918443317076396,151.388880990394,-187.424203007533));
#4302=CARTESIAN_POINT('Origin',(0.392824748368361,132.389978310776,-187.219988111582));
#4303=CARTESIAN_POINT('',(11.3926903077444,163.501425460522,-187.504266011264));
#4304=CARTESIAN_POINT('',(11.3926903077439,85.1833623384098,-186.651729749497));
#4305=CARTESIAN_POINT('Origin',(0.392824748368482,132.389978310776,-187.219988111582));
#4306=CARTESIAN_POINT('Origin',(-12.619376484695,168.06501147074,-185.172489816167));
#4307=CARTESIAN_POINT('',(-10.6119848579823,168.048791923234,-186.662495112561));
#4308=CARTESIAN_POINT('',(-10.6194009284449,168.06511910184,-185.162602308013));
#4309=CARTESIAN_POINT('',(-11.9218568784434,166.158973239947,-187.648471371359));
#4310=CARTESIAN_POINT('',(-11.9342169958811,166.18618520429,-185.148650030444));
#4311=CARTESIAN_POINT('',(-11.6070285891323,166.305905125369,-187.648514170658));
#4312=CARTESIAN_POINT('Origin',(-12.6070163672574,168.037799506397,-187.672311157083));
#4313=CARTESIAN_POINT('Ctrl Pts',(-10.6119848579823,168.048791923234,-186.662495112561));
#4314=CARTESIAN_POINT('Ctrl Pts',(-10.6108098554599,167.710122869585,-186.896479748989));
#4315=CARTESIAN_POINT('Ctrl Pts',(-10.7121214404321,167.31279320883,-187.171922422228));
#4316=CARTESIAN_POINT('Ctrl Pts',(-10.9782542539153,166.871721428738,-187.435914498637));
#4317=CARTESIAN_POINT('Ctrl Pts',(-11.079450904865,166.738164605982,-187.509976978461));
#4318=CARTESIAN_POINT('Ctrl Pts',(-11.3213065695707,166.497023040272,-187.616585837398));
#4319=CARTESIAN_POINT('Ctrl Pts',(-11.4622250291265,166.389511361414,-187.648708304893));
#4320=CARTESIAN_POINT('Ctrl Pts',(-11.6070285891323,166.305905125369,-187.648514170657));
#4321=CARTESIAN_POINT('Origin',(0.918443317076543,-2.02203958992622,-185.754238665567));
#4322=CARTESIAN_POINT('',(-11.6070285891323,163.128363657634,-187.613924840731));
#4323=CARTESIAN_POINT('',(-11.6070285891323,85.1821245807662,-186.765436093278));
#4324=CARTESIAN_POINT('',(-30.1220443912507,151.387210509068,-187.577661420756));
#4325=CARTESIAN_POINT('Origin',(0.392824748368361,132.389978310776,-187.219988111582));
#4326=CARTESIAN_POINT('',(-26.5883206138811,151.38740068068,-187.560191345906));
#4327=CARTESIAN_POINT('',(0.918443317076402,151.388880990394,-187.424203007533));
#4328=CARTESIAN_POINT('Origin',(0.392824748368482,132.389978310776,-187.219988111582));
#4329=CARTESIAN_POINT('Origin',(0.702406013808766,150.864566732614,-143.719990426936));
#4330=CARTESIAN_POINT('',(-26.5932646608561,150.3983447089,-186.549377890769));
#4331=CARTESIAN_POINT('',(-26.7465301170829,150.735773066749,-155.551593263447));
#4332=CARTESIAN_POINT('',(-26.5759604964434,150.36024795882,-190.04912776805));
#4333=CARTESIAN_POINT('',(-30.7273299550503,150.398122229185,-186.569815942715));
#4334=CARTESIAN_POINT('',(0.913499270101341,150.399825018615,-186.413389552396));
#4335=CARTESIAN_POINT('',(-30.8855394582521,150.746435372771,-154.572102779027));
#4336=CARTESIAN_POINT('',(-30.9384232113428,150.862863943185,-143.876416817256));
#4337=CARTESIAN_POINT('',(-27.9657285566905,150.74659250592,-154.557667775554));
#4338=CARTESIAN_POINT('',(15.8422928767652,150.74895008749,-154.34108904397));
#4339=CARTESIAN_POINT('Ctrl Pts',(-26.7465301170829,150.735773066749,-155.551593263447));
#4340=CARTESIAN_POINT('Ctrl Pts',(-26.7471453789914,150.737127623872,-155.427157160235));
#4341=CARTESIAN_POINT('Ctrl Pts',(-26.8066359534556,150.73982478214,-155.179383287209));
#4342=CARTESIAN_POINT('Ctrl Pts',(-27.1688558344608,150.744932221355,-154.710189465534));
#4343=CARTESIAN_POINT('Ctrl Pts',(-27.6338792885508,150.746610364789,-154.55602717433));
#4344=CARTESIAN_POINT('Ctrl Pts',(-27.9657285566905,150.74659250592,-154.557667775554));
#4345=CARTESIAN_POINT('Origin',(-11.6119726361074,85.1930093665032,-185.765507556912));
#4346=CARTESIAN_POINT('',(-10.6119848579823,162.448449293946,-186.601532226358));
#4347=CARTESIAN_POINT('',(-10.6119848579823,85.193063182053,-185.760563802835));
#4348=CARTESIAN_POINT('Ctrl Pts',(-11.6070285891323,163.128363657634,-187.613924840731));
#4349=CARTESIAN_POINT('Ctrl Pts',(-11.6055391470834,163.12734630301,-187.613906401854));
#4350=CARTESIAN_POINT('Ctrl Pts',(-11.6040497445755,163.126328949875,-187.613884635214));
#4351=CARTESIAN_POINT('Ctrl Pts',(-11.5075242527385,163.060394470698,-187.612258285739));
#4352=CARTESIAN_POINT('Ctrl Pts',(-11.4125677148906,162.99542344509,-187.59710682313));
#4353=CARTESIAN_POINT('Ctrl Pts',(-11.230779373551,162.87086318256,-187.540385180329));
#4354=CARTESIAN_POINT('Ctrl Pts',(-11.1436155109288,162.81105046388,-187.499350086739));
#4355=CARTESIAN_POINT('Ctrl Pts',(-10.9538387561706,162.680749149799,-187.37307923614));
#4356=CARTESIAN_POINT('Ctrl Pts',(-10.8560854600416,162.613566824516,-187.277724190607));
#4357=CARTESIAN_POINT('Ctrl Pts',(-10.7158213248258,162.51750907004,-187.065417975803));
#4358=CARTESIAN_POINT('Ctrl Pts',(-10.6676475125056,162.484685590415,-186.957249850015));
#4359=CARTESIAN_POINT('Ctrl Pts',(-10.6208982258536,162.453488123023,-186.762011134068));
#4360=CARTESIAN_POINT('Ctrl Pts',(-10.6115871262389,162.447573649998,-186.681973072104));
#4361=CARTESIAN_POINT('Ctrl Pts',(-10.6119848579823,162.448449293945,-186.601532226358));
#4362=CARTESIAN_POINT('Origin',(9.3556343991814,172.469728844426,-180.111427052987));
#4363=CARTESIAN_POINT('',(9.3803546340567,174.415186430774,-185.13283957236));
#4364=CARTESIAN_POINT('',(9.35563439918139,174.469610359459,-180.13319689053));
#4365=CARTESIAN_POINT('',(11.3803301903068,172.41541254684,-185.101182226662));
#4366=CARTESIAN_POINT('Origin',(9.3803546340567,172.41530491574,-185.111069734817));
#4367=CARTESIAN_POINT('',(11.3556099554315,172.469836475525,-180.101539544833));
#4368=CARTESIAN_POINT('Origin',(11.3556099554315,174.469717990559,-180.123309382375));
#4369=CARTESIAN_POINT('',(-8.61942537219479,174.414217750879,-185.221827145753));
#4370=CARTESIAN_POINT('',(-8.6441456070701,174.468641679564,-180.222184463924));
#4371=CARTESIAN_POINT('',(5.88039741061882,174.41499807635,-185.150142711631));
#4372=CARTESIAN_POINT('Origin',(-8.6441456070701,172.468760164531,-180.200414626382));
#4373=CARTESIAN_POINT('',(-10.6194009284449,172.414228604746,-185.209944816366));
#4374=CARTESIAN_POINT('Origin',(-8.61942537219479,172.414336235845,-185.200057308211));
#4375=CARTESIAN_POINT('',(-10.6441211633202,172.468652533431,-180.210302134536));
#4376=CARTESIAN_POINT('Origin',(-10.6441211633202,172.468652533431,-180.210302134537));
#4377=CARTESIAN_POINT('',(-10.6194009284449,163.527453482771,-185.113207260052));
#4378=CARTESIAN_POINT('',(-10.6194009284449,152.415413454409,-184.992246440942));
#4379=CARTESIAN_POINT('',(-10.62434497542,162.475661258288,-184.101710885443));
#4380=CARTESIAN_POINT('',(-10.6441211633202,162.519200401237,-180.101996739979));
#4381=CARTESIAN_POINT('Ctrl Pts',(-10.6194009284449,163.527453482771,-185.113207260052));
#4382=CARTESIAN_POINT('Ctrl Pts',(-10.6194009284449,163.396007646953,-185.111776398039));
#4383=CARTESIAN_POINT('Ctrl Pts',(-10.6195447165351,163.241293225626,-185.081007801525));
#4384=CARTESIAN_POINT('Ctrl Pts',(-10.6200135576989,163.000996355996,-184.983558143989));
#4385=CARTESIAN_POINT('Ctrl Pts',(-10.6204160233589,162.871845175844,-184.900744339639));
#4386=CARTESIAN_POINT('Ctrl Pts',(-10.6212791298664,162.688077246361,-184.724160812803));
#4387=CARTESIAN_POINT('Ctrl Pts',(-10.6218922915081,162.600846591583,-184.599185236821));
#4388=CARTESIAN_POINT('Ctrl Pts',(-10.6230243470148,162.503296318088,-184.369139127189));
#4389=CARTESIAN_POINT('Ctrl Pts',(-10.6237375018793,162.474323847991,-184.224571799068));
#4390=CARTESIAN_POINT('Ctrl Pts',(-10.62434497542,162.475661258288,-184.101710885443));
#4391=CARTESIAN_POINT('Origin',(11.3556099554315,172.469836475525,-180.101539544833));
#4392=CARTESIAN_POINT('',(11.3803301903068,163.528637424864,-185.004444670349));
#4393=CARTESIAN_POINT('',(11.3803301903067,152.416597396503,-184.883483851238));
#4394=CARTESIAN_POINT('',(11.3753861433317,162.476845200382,-183.992948295739));
#4395=CARTESIAN_POINT('Ctrl Pts',(11.3753861433317,162.476845200382,-183.992948295739));
#4396=CARTESIAN_POINT('Ctrl Pts',(11.375984324642,162.475528247807,-184.113929865101));
#4397=CARTESIAN_POINT('Ctrl Pts',(11.3766870384931,162.503606206431,-184.256375521264));
#4398=CARTESIAN_POINT('Ctrl Pts',(11.3778042935037,162.598241206411,-184.483396156311));
#4399=CARTESIAN_POINT('Ctrl Pts',(11.3784115580922,162.682933290382,-184.607151284106));
#4400=CARTESIAN_POINT('Ctrl Pts',(11.3792849957845,162.864471480422,-184.785800258321));
#4401=CARTESIAN_POINT('Ctrl Pts',(11.3796990138157,162.994790418382,-184.870963506701));
#4402=CARTESIAN_POINT('Ctrl Pts',(11.3801819788263,163.238136058832,-184.971303224148));
#4403=CARTESIAN_POINT('Ctrl Pts',(11.3803301903068,163.395156713306,-185.002991657566));
#4404=CARTESIAN_POINT('Ctrl Pts',(11.3803301903068,163.528637424864,-185.004444670349));
#4405=CARTESIAN_POINT('',(11.3877462607694,162.449633236039,-186.492769636654));
#4406=CARTESIAN_POINT('',(11.3556099554315,162.52038434333,-179.993234150276));
#4407=CARTESIAN_POINT('Ctrl Pts',(11.3877462607694,162.449633236039,-186.492769636654));
#4408=CARTESIAN_POINT('Ctrl Pts',(11.3883444420796,162.448316283464,-186.613751206016));
#4409=CARTESIAN_POINT('Ctrl Pts',(11.3890471559308,162.476394242088,-186.756196862179));
#4410=CARTESIAN_POINT('Ctrl Pts',(11.3901644109414,162.571029242068,-186.983217497226));
#4411=CARTESIAN_POINT('Ctrl Pts',(11.3907716755299,162.65572132604,-187.106972625021));
#4412=CARTESIAN_POINT('Ctrl Pts',(11.3916451132221,162.837259516079,-187.285621599236));
#4413=CARTESIAN_POINT('Ctrl Pts',(11.3920591312533,162.967578454039,-187.370784847617));
#4414=CARTESIAN_POINT('Ctrl Pts',(11.3925420962639,163.21092409449,-187.471124565064));
#4415=CARTESIAN_POINT('Ctrl Pts',(11.3926903077444,163.367944748963,-187.502812998481));
#4416=CARTESIAN_POINT('Ctrl Pts',(11.3926903077444,163.501425460522,-187.504266011264));
#4417=CARTESIAN_POINT('Origin',(0.380464630930827,132.417190275119,-184.720166770666));
#4418=CARTESIAN_POINT('Origin',(0.380464630930825,132.417190275119,-184.720166770666));
#4419=CARTESIAN_POINT('',(9.33955679732182,171.759195763132,-185.104129337706));
#4420=CARTESIAN_POINT('Origin',(6.38049892946534,170.415143481903,-185.104129337707));
#4421=CARTESIAN_POINT('',(-2.66029654017898,171.758549976535,-185.163454386635));
#4422=CARTESIAN_POINT('Origin',(-5.61935440803546,170.414497695306,-185.163454386636));
#4423=CARTESIAN_POINT('Origin',(0.375520583955763,132.428075060856,-183.7202382343));
#4424=CARTESIAN_POINT('Origin',(0.375520583955763,132.428075060856,-183.7202382343));
#4425=CARTESIAN_POINT('Origin',(0.293635891792393,132.608351934,-167.159141465079));
#4426=CARTESIAN_POINT('Ctrl Pts',(-30.1220443912507,151.387210509068,-187.577661420756));
#4427=CARTESIAN_POINT('Ctrl Pts',(-30.2003462029837,151.261454379951,-187.57667964991));
#4428=CARTESIAN_POINT('Ctrl Pts',(-30.2839222545624,151.125788819577,-187.550566039571));
#4429=CARTESIAN_POINT('Ctrl Pts',(-30.4382346335488,150.872844229553,-187.441342225637));
#4430=CARTESIAN_POINT('Ctrl Pts',(-30.50899369969,150.755611914308,-187.358155983978));
#4431=CARTESIAN_POINT('Ctrl Pts',(-30.6121599020693,150.58437230584,-187.172774001056));
#4432=CARTESIAN_POINT('Ctrl Pts',(-30.6544903850371,150.513970208117,-187.065026411374));
#4433=CARTESIAN_POINT('Ctrl Pts',(-30.7117793340043,150.420096104374,-186.825821781771));
#4434=CARTESIAN_POINT('Ctrl Pts',(-30.7267144409732,150.396767116889,-186.694303046766));
#4435=CARTESIAN_POINT('Ctrl Pts',(-30.7273299550502,150.398122229185,-186.569815942715));
#4436=CARTESIAN_POINT('',(-30.2901419884027,151.757293224129,-153.580091184336));
#4437=CARTESIAN_POINT('Origin',(0.22472715121637,132.760061025836,-153.222417875162));
#4438=CARTESIAN_POINT('Ctrl Pts',(-30.8855394582521,150.746435372771,-154.572102779027));
#4439=CARTESIAN_POINT('Ctrl Pts',(-30.8861549723292,150.747790485067,-154.447615674976));
#4440=CARTESIAN_POINT('Ctrl Pts',(-30.8725184612737,150.773978453939,-154.316494690435));
#4441=CARTESIAN_POINT('Ctrl Pts',(-30.8175873181728,150.873043489684,-154.078835451057));
#4442=CARTESIAN_POINT('Ctrl Pts',(-30.7763166694122,150.945778912377,-153.972232636503));
#4443=CARTESIAN_POINT('Ctrl Pts',(-30.6749700235234,151.121024446079,-153.789611146261));
#4444=CARTESIAN_POINT('Ctrl Pts',(-30.6050242934963,151.240047397494,-153.708300975507));
#4445=CARTESIAN_POINT('Ctrl Pts',(-30.4517721721905,151.495326244804,-153.60308873814));
#4446=CARTESIAN_POINT('Ctrl Pts',(-30.3684438001356,151.631537095011,-153.57910941349));
#4447=CARTESIAN_POINT('Ctrl Pts',(-30.2901419884027,151.757293224129,-153.580091184336));
#4448=CARTESIAN_POINT('Origin',(0.293635891792393,132.608351934,-167.159141465079));
#4449=CARTESIAN_POINT('',(30.7395962908354,151.760577613185,-153.278371479293));
#4450=CARTESIAN_POINT('Origin',(0.22472715121637,132.760061025836,-153.222417875162));
#4451=CARTESIAN_POINT('',(31.5030913578371,150.401471234448,-186.262160283479));
#4452=CARTESIAN_POINT('Ctrl Pts',(31.5030913578368,150.401471234448,-186.262160283479));
#4453=CARTESIAN_POINT('Ctrl Pts',(31.5037068719139,150.400116122153,-186.386647387531));
#4454=CARTESIAN_POINT('Ctrl Pts',(31.4900703608584,150.423443572022,-186.518307375315));
#4455=CARTESIAN_POINT('Ctrl Pts',(31.4351392177575,150.517311636505,-186.758066800236));
#4456=CARTESIAN_POINT('Ctrl Pts',(31.393868568997,150.587709235132,-186.866227698406));
#4457=CARTESIAN_POINT('Ctrl Pts',(31.2925219231081,150.758937837494,-187.052620754913));
#4458=CARTESIAN_POINT('Ctrl Pts',(31.222576193081,150.876162580541,-187.136502614983));
#4459=CARTESIAN_POINT('Ctrl Pts',(31.0693240717753,151.129090618609,-187.247246970753));
#4460=CARTESIAN_POINT('Ctrl Pts',(30.9859956997204,151.26474719682,-187.274185725602));
#4461=CARTESIAN_POINT('Ctrl Pts',(30.9076938879874,151.390494898125,-187.275941715713));
#4462=CARTESIAN_POINT('',(31.3448818546352,150.749784378034,-154.264447119791));
#4463=CARTESIAN_POINT('',(31.2919981015446,150.866212948448,-143.56876115802));
#4464=CARTESIAN_POINT('Ctrl Pts',(30.7395962908354,151.760577613185,-153.278371479293));
#4465=CARTESIAN_POINT('Ctrl Pts',(30.8150207150871,151.639450812132,-153.276680017241));
#4466=CARTESIAN_POINT('Ctrl Pts',(30.8956816086349,151.508077520518,-153.298104245234));
#4467=CARTESIAN_POINT('Ctrl Pts',(31.0454672289869,151.260554832682,-153.394528306334));
#4468=CARTESIAN_POINT('Ctrl Pts',(31.1146077261233,151.144450695515,-153.469619794981));
#4469=CARTESIAN_POINT('Ctrl Pts',(31.2206473623752,150.964639255664,-153.645042186259));
#4470=CARTESIAN_POINT('Ctrl Pts',(31.2662107964399,150.886429641713,-153.75361844257));
#4471=CARTESIAN_POINT('Ctrl Pts',(31.328014427185,150.77963715461,-153.998306642607));
#4472=CARTESIAN_POINT('Ctrl Pts',(31.3442392730262,150.751199082055,-154.134485634638));
#4473=CARTESIAN_POINT('Ctrl Pts',(31.3448818546349,150.749784378035,-154.264447119791));
#4474=CARTESIAN_POINT('Origin',(0.91349927010134,151.399765776131,-186.424274471167));
#4475=CARTESIAN_POINT('Origin',(-26.5932646608561,151.398285466417,-186.56026280954));
#4476=CARTESIAN_POINT('Origin',(-5.68373464849513,168.556236867009,-172.14261539816));
#4477=CARTESIAN_POINT('',(-8.3152175728018,165.667643585525,-153.622860365405));
#4478=CARTESIAN_POINT('Origin',(-5.77519951753378,168.757605403145,-153.643937475389));
#4479=CARTESIAN_POINT('',(-5.77216138385558,164.751153636179,-154.214857198791));
#4480=CARTESIAN_POINT('',(-5.68373464849513,164.556473836942,-172.099075723075));
#4481=CARTESIAN_POINT('Ctrl Pts',(-8.31521757280028,165.667643585524,-153.622860365405));
#4482=CARTESIAN_POINT('Ctrl Pts',(-8.13830816234194,165.522236837714,-153.620402820049));
#4483=CARTESIAN_POINT('Ctrl Pts',(-7.94101910913923,165.385132531963,-153.643735805272));
#4484=CARTESIAN_POINT('Ctrl Pts',(-7.30457546523838,165.029786809095,-153.774910655917));
#4485=CARTESIAN_POINT('Ctrl Pts',(-6.86192357810005,164.879125803415,-153.927270694763));
#4486=CARTESIAN_POINT('Ctrl Pts',(-6.2082091694922,164.770322407848,-154.116660970287));
#4487=CARTESIAN_POINT('Ctrl Pts',(-5.99196548066759,164.75160039861,-154.173815460572));
#4488=CARTESIAN_POINT('Ctrl Pts',(-5.77216138385166,164.751153636179,-154.214857198792));
#4489=CARTESIAN_POINT('Origin',(-5.68373464849513,164.556473836942,-172.099075723075));
#4490=CARTESIAN_POINT('',(6.22769195167917,164.751799422774,-154.155532150083));
#4491=CARTESIAN_POINT('',(6.31611868900568,164.557119623538,-172.039750674145));
#4492=CARTESIAN_POINT('',(0.234615245166604,164.736395694902,-155.570592348572));
#4493=CARTESIAN_POINT('Ctrl Pts',(0.234615245166604,164.736395694902,-155.570592348572));
#4494=CARTESIAN_POINT('Ctrl Pts',(2.01213900374812,164.741334509428,-155.116889198149));
#4495=CARTESIAN_POINT('Ctrl Pts',(3.96588818302522,164.746816171798,-154.613317445558));
#4496=CARTESIAN_POINT('Ctrl Pts',(6.03093110054809,164.751374338354,-154.194582440246));
#4497=CARTESIAN_POINT('Ctrl Pts',(6.12930453499755,164.751588466131,-154.174911637361));
#4498=CARTESIAN_POINT('Ctrl Pts',(6.22769195167916,164.751799422774,-154.155532150083));
#4499=CARTESIAN_POINT('Ctrl Pts',(-5.77216138385561,164.751153636179,-154.214857198791));
#4500=CARTESIAN_POINT('Ctrl Pts',(-5.67358714148938,164.750953279266,-154.233262944232));
#4501=CARTESIAN_POINT('Ctrl Pts',(-5.57502399998022,164.750749749868,-154.251960129287));
#4502=CARTESIAN_POINT('Ctrl Pts',(-3.50594135048484,164.746414066269,-154.650256784749));
#4503=CARTESIAN_POINT('Ctrl Pts',(-1.54730808558967,164.741142953485,-155.134486444282));
#4504=CARTESIAN_POINT('Ctrl Pts',(0.234615245166604,164.736395694902,-155.570592348572));
#4505=CARTESIAN_POINT('Origin',(6.31611868900568,168.556882653606,-172.083290349231));
#4506=CARTESIAN_POINT('',(8.76467187523517,165.668562760399,-153.538420560291));
#4507=CARTESIAN_POINT('Origin',(6.22465381996703,168.758251189741,-153.58461242646));
#4508=CARTESIAN_POINT('Ctrl Pts',(6.22769195168013,164.751799422774,-154.155532150083));
#4509=CARTESIAN_POINT('Ctrl Pts',(6.27581523672692,164.751902605936,-154.146053249021));
#4510=CARTESIAN_POINT('Ctrl Pts',(6.32383065402719,164.752884194805,-154.135784018657));
#4511=CARTESIAN_POINT('Ctrl Pts',(6.60543452362647,164.763754850181,-154.071477993813));
#4512=CARTESIAN_POINT('Ctrl Pts',(6.83648234776578,164.793444381363,-154.00229447733));
#4513=CARTESIAN_POINT('Ctrl Pts',(7.48974011570478,164.935403440415,-153.798031035559));
#4514=CARTESIAN_POINT('Ctrl Pts',(7.90857491152155,165.100272816256,-153.656583405326));
#4515=CARTESIAN_POINT('Ctrl Pts',(8.46744096835445,165.440299413231,-153.554010403511));
#4516=CARTESIAN_POINT('Ctrl Pts',(8.6227792139988,165.551921977075,-153.537852433738));
#4517=CARTESIAN_POINT('Ctrl Pts',(8.76467187523516,165.668562760399,-153.538420560291));
#4518=CARTESIAN_POINT('Origin',(0.702406013808766,150.864566732614,-143.719990426936));
#4519=CARTESIAN_POINT('',(27.2505958822208,150.70058130596,-158.784476914825));
#4520=CARTESIAN_POINT('',(27.2330647718288,150.700580362502,-158.784563585383));
#4521=CARTESIAN_POINT('',(0.519976244513839,150.699142765388,-158.916628139787));
#4522=CARTESIAN_POINT('',(27.2157606074161,150.738677112582,-155.284813708103));
#4523=CARTESIAN_POINT('',(27.3863302280556,150.363152004653,-189.782348212706));
#4524=CARTESIAN_POINT('',(28.4250709530736,150.749627244885,-154.278882123264));
#4525=CARTESIAN_POINT('Ctrl Pts',(28.4250709530736,150.749627244885,-154.278882123264));
#4526=CARTESIAN_POINT('Ctrl Pts',(28.0932274206691,150.749609386325,-154.280522696131));
#4527=CARTESIAN_POINT('Ctrl Pts',(27.6297675726075,150.747881256324,-154.439276992671));
#4528=CARTESIAN_POINT('Ctrl Pts',(27.2721932275227,150.742735368212,-154.912002914231));
#4529=CARTESIAN_POINT('Ctrl Pts',(27.2151453554742,150.740031647762,-155.160379620646));
#4530=CARTESIAN_POINT('Ctrl Pts',(27.2157606074161,150.738677112582,-155.284813708103));
#4531=CARTESIAN_POINT('',(15.8422928767652,150.74895008749,-154.34108904397));
#4532=CARTESIAN_POINT('',(27.3690260636429,150.401248754733,-186.282598335425));
#4533=CARTESIAN_POINT('',(0.913499270101341,150.399825018615,-186.413389552396));
#4534=CARTESIAN_POINT('',(27.2775611946043,150.602617290869,-167.783920412677));
#4535=CARTESIAN_POINT('',(27.3863302280556,150.363152004653,-189.782348212706));
#4536=CARTESIAN_POINT('',(27.2950923049963,150.602618234327,-167.783833742119));
#4537=CARTESIAN_POINT('',(0.564472667289362,150.601179693755,-167.915984967081));
#4538=CARTESIAN_POINT('',(27.2505958822208,150.70058130596,-158.784476914825));
#4539=CARTESIAN_POINT('Origin',(30.9243519396558,151.460605328778,-153.274192606006));
#4540=CARTESIAN_POINT('',(28.4201269060985,151.760452788139,-153.289838505669));
#4541=CARTESIAN_POINT('',(15.8373488297901,151.759775630744,-153.352045426375));
#4542=CARTESIAN_POINT('Origin',(0.22472715121649,132.760061025837,-153.222417875162));
#4543=CARTESIAN_POINT('',(-27.9706726036656,151.757418049174,-153.568624157959));
#4544=CARTESIAN_POINT('Origin',(0.22472715121649,132.760061025837,-153.222417875162));
#4545=CARTESIAN_POINT('',(15.8373488297901,151.759775630744,-153.352045426375));
#4546=CARTESIAN_POINT('Origin',(0.234615245166614,132.738291454363,-155.222274947894));
#4547=CARTESIAN_POINT('',(-25.9289196515602,151.160034358512,-155.552168993299));
#4548=CARTESIAN_POINT('Ctrl Pts',(-27.9706726036656,151.757418049174,-153.568624157959));
#4549=CARTESIAN_POINT('Ctrl Pts',(-27.4106051969686,151.603668219163,-153.564181306932));
#4550=CARTESIAN_POINT('Ctrl Pts',(-26.631816314058,151.380405027346,-153.870859958954));
#4551=CARTESIAN_POINT('Ctrl Pts',(-26.0292252316378,151.196400885767,-154.807958276867));
#4552=CARTESIAN_POINT('Ctrl Pts',(-25.9301501753772,151.162743472758,-155.303296786876));
#4553=CARTESIAN_POINT('Ctrl Pts',(-25.9289196515602,151.160034358512,-155.552168993299));
#4554=CARTESIAN_POINT('Origin',(0.234615245166614,132.738291454363,-155.222274947894));
#4555=CARTESIAN_POINT('Origin',(0.387880701393419,132.400863096513,-186.220059575216));
#4556=CARTESIAN_POINT('',(-25.7756541953334,150.822606000662,-186.549953620621));
#4557=CARTESIAN_POINT('Origin',(-26.5932646608561,151.398285466417,-186.56026280954));
#4558=CARTESIAN_POINT('Origin',(0.387880701393419,132.400863096513,-186.220059575216));
#4559=CARTESIAN_POINT('Ctrl Pts',(-27.9657285566905,150.74659250592,-154.557667775554));
#4560=CARTESIAN_POINT('Ctrl Pts',(-27.6338792885508,150.746610364789,-154.55602717433));
#4561=CARTESIAN_POINT('Ctrl Pts',(-27.1688558344608,150.744932221355,-154.710189465534));
#4562=CARTESIAN_POINT('Ctrl Pts',(-26.8066359534556,150.73982478214,-155.179383287209));
#4563=CARTESIAN_POINT('Ctrl Pts',(-26.7471453789914,150.737127623872,-155.427157160235));
#4564=CARTESIAN_POINT('Ctrl Pts',(-26.7465301170829,150.735773066749,-155.551593263447));
#4565=CARTESIAN_POINT('Ctrl Pts',(-27.9672078120863,150.749849226197,-154.258489857082));
#4566=CARTESIAN_POINT('Ctrl Pts',(-27.5666320166795,150.750752046095,-154.286449274492));
#4567=CARTESIAN_POINT('Ctrl Pts',(-27.0356976188288,150.746890994621,-154.50938461546));
#4568=CARTESIAN_POINT('Ctrl Pts',(-26.6309397090255,150.741196568043,-155.095358969856));
#4569=CARTESIAN_POINT('Ctrl Pts',(-26.5649485324508,150.73743969439,-155.398488868251));
#4570=CARTESIAN_POINT('Ctrl Pts',(-26.564195980042,150.735782879281,-155.550691837296));
#4571=CARTESIAN_POINT('Ctrl Pts',(-27.969767678342,151.006793700235,-153.743495113959));
#4572=CARTESIAN_POINT('Ctrl Pts',(-27.4511585659603,150.953507492955,-153.817924848934));
#4573=CARTESIAN_POINT('Ctrl Pts',(-26.8037721340171,150.889365680645,-154.160666271565));
#4574=CARTESIAN_POINT('Ctrl Pts',(-26.3241604798849,150.838449032621,-154.949012704903));
#4575=CARTESIAN_POINT('Ctrl Pts',(-26.2465972218875,150.827596099835,-155.349421994279));
#4576=CARTESIAN_POINT('Ctrl Pts',(-26.2456050277801,150.825411690924,-155.550092256225));
#4577=CARTESIAN_POINT('Ctrl Pts',(-27.9706726036656,151.5330318679,-153.566181587899));
#4578=CARTESIAN_POINT('Ctrl Pts',(-27.410247482359,151.400556102973,-153.596807188753));
#4579=CARTESIAN_POINT('Ctrl Pts',(-26.6653812584772,151.220850765426,-153.934154540496));
#4580=CARTESIAN_POINT('Ctrl Pts',(-26.1009875368918,151.077330248334,-154.842639617832));
#4581=CARTESIAN_POINT('Ctrl Pts',(-26.0088261885702,151.050804106922,-155.31443855079));
#4582=CARTESIAN_POINT('Ctrl Pts',(-26.0076548471005,151.048225288196,-155.551341186873));
#4583=CARTESIAN_POINT('Ctrl Pts',(-27.9706726036656,151.757418049174,-153.568624157959));
#4584=CARTESIAN_POINT('Ctrl Pts',(-27.4106051969686,151.603668219163,-153.564181306932));
#4585=CARTESIAN_POINT('Ctrl Pts',(-26.631816314058,151.380405027346,-153.870859958954));
#4586=CARTESIAN_POINT('Ctrl Pts',(-26.0292252316378,151.196400885767,-154.807958276867));
#4587=CARTESIAN_POINT('Ctrl Pts',(-25.9301501753772,151.162743472758,-155.303296786876));
#4588=CARTESIAN_POINT('Ctrl Pts',(-25.9289196515602,151.160034358512,-155.552168993299));
#4589=CARTESIAN_POINT('Origin',(-26.7465301170829,151.735713824266,-155.562478182218));
#4590=CARTESIAN_POINT('Origin',(-27.9657285566905,151.746533263437,-154.568552694325));
#4591=CARTESIAN_POINT('Origin',(15.8422928767652,151.748890845007,-154.351973962741));
#4592=CARTESIAN_POINT('Origin',(-26.5932646608561,151.398285466417,-186.56026280954));
#4593=CARTESIAN_POINT('Origin',(-26.5932646608561,151.398285466417,-186.56026280954));
#4594=CARTESIAN_POINT('Origin',(0.913499270101334,151.399765776131,-186.424274471167));
#4595=CARTESIAN_POINT('Origin',(27.3690260636429,151.40118951225,-186.293483254197));
#4596=CARTESIAN_POINT('Origin',(0.387880701393419,132.400863096513,-186.220059575216));
#4597=CARTESIAN_POINT('',(26.5514155981202,150.825422045106,-186.291258294227));
#4598=CARTESIAN_POINT('Origin',(27.3690260636429,151.40118951225,-186.293483254196));
#4599=CARTESIAN_POINT('Origin',(0.387880701393419,132.400863096513,-186.220059575216));
#4600=CARTESIAN_POINT('Origin',(0.234615245166614,132.738291454363,-155.222274947894));
#4601=CARTESIAN_POINT('',(26.3981501418934,151.162850402955,-155.293473666905));
#4602=CARTESIAN_POINT('Ctrl Pts',(26.3981501418934,151.162850402955,-155.293473666905));
#4603=CARTESIAN_POINT('Ctrl Pts',(26.3969196380097,151.165559473316,-155.044605491991));
#4604=CARTESIAN_POINT('Ctrl Pts',(26.4911057403627,151.19923292475,-154.548258211857));
#4605=CARTESIAN_POINT('Ctrl Pts',(27.0844020760638,151.383306288556,-153.605300566093));
#4606=CARTESIAN_POINT('Ctrl Pts',(27.860069179696,151.606645335199,-153.290933374451));
#4607=CARTESIAN_POINT('Ctrl Pts',(28.4201269060986,151.760452788139,-153.289838505669));
#4608=CARTESIAN_POINT('Origin',(0.234615245166614,132.738291454363,-155.222274947894));
#4609=CARTESIAN_POINT('Origin',(15.8422928767652,151.748890845007,-154.351973962741));
#4610=CARTESIAN_POINT('Origin',(28.4250709530736,151.749568002402,-154.289767042035));
#4611=CARTESIAN_POINT('Ctrl Pts',(27.2157606074161,150.738677112582,-155.284813708103));
#4612=CARTESIAN_POINT('Ctrl Pts',(27.2151453554742,150.740031647762,-155.160379620646));
#4613=CARTESIAN_POINT('Ctrl Pts',(27.2721932275227,150.742735368212,-154.912002914231));
#4614=CARTESIAN_POINT('Ctrl Pts',(27.6297675726075,150.747881256324,-154.439276992671));
#4615=CARTESIAN_POINT('Ctrl Pts',(28.0932274206691,150.749609386325,-154.280522696131));
#4616=CARTESIAN_POINT('Ctrl Pts',(28.4250709530736,150.749627244885,-154.278882123264));
#4617=CARTESIAN_POINT('Ctrl Pts',(27.0334264703752,150.73866730005,-155.285715134254));
#4618=CARTESIAN_POINT('Ctrl Pts',(27.032673930157,150.74032408832,-155.133514630762));
#4619=CARTESIAN_POINT('Ctrl Pts',(27.0956758497909,150.744088248916,-154.82971412963));
#4620=CARTESIAN_POINT('Ctrl Pts',(27.4946335307614,150.749825555753,-154.239797331272));
#4621=CARTESIAN_POINT('Ctrl Pts',(28.0233187522198,150.753743671186,-154.011622352335));
#4622=CARTESIAN_POINT('Ctrl Pts',(28.4235916976778,150.752883965162,-153.979704204792));
#4623=CARTESIAN_POINT('Ctrl Pts',(26.714835519902,150.82826182402,-155.288265662345));
#4624=CARTESIAN_POINT('Ctrl Pts',(26.7138433418673,150.830446197545,-155.08759865108));
#4625=CARTESIAN_POINT('Ctrl Pts',(26.7874562896961,150.841308976392,-154.686398310448));
#4626=CARTESIAN_POINT('Ctrl Pts',(27.2592619256842,150.892278129662,-153.893387314773));
#4627=CARTESIAN_POINT('Ctrl Pts',(27.9031986737452,150.956487391186,-153.544261862806));
#4628=CARTESIAN_POINT('Ctrl Pts',(28.4210318315133,151.009828454369,-153.464709480278));
#4629=CARTESIAN_POINT('Ctrl Pts',(26.4768853374337,151.051049807099,-155.291867356076));
#4630=CARTESIAN_POINT('Ctrl Pts',(26.4757140149388,151.05362858405,-155.054968557606));
#4631=CARTESIAN_POINT('Ctrl Pts',(26.5632191781,151.080168837817,-154.58223030288));
#4632=CARTESIAN_POINT('Ctrl Pts',(27.1186069162977,151.2237536593,-153.668257888764));
#4633=CARTESIAN_POINT('Ctrl Pts',(27.8600559284462,151.403532831341,-153.323560484098));
#4634=CARTESIAN_POINT('Ctrl Pts',(28.4201269060986,151.536066606865,-153.287395935609));
#4635=CARTESIAN_POINT('Ctrl Pts',(26.3981501418934,151.162850402955,-155.293473666905));
#4636=CARTESIAN_POINT('Ctrl Pts',(26.3969196380097,151.165559473316,-155.044605491991));
#4637=CARTESIAN_POINT('Ctrl Pts',(26.4911057403627,151.19923292475,-154.548258211857));
#4638=CARTESIAN_POINT('Ctrl Pts',(27.0844020760638,151.383306288556,-153.605300566093));
#4639=CARTESIAN_POINT('Ctrl Pts',(27.860069179696,151.606645335199,-153.290933374451));
#4640=CARTESIAN_POINT('Ctrl Pts',(28.4201269060986,151.760452788139,-153.289838505669));
#4641=CARTESIAN_POINT('Origin',(27.2157606074161,151.738617870099,-155.295698626874));
#4642=CARTESIAN_POINT('Origin',(27.3690260636429,151.40118951225,-186.293483254196));
#4643=CARTESIAN_POINT('Origin',(27.3690260636429,151.40118951225,-186.293483254197));
#4644=CARTESIAN_POINT('Origin',(-5.6069942905978,170.387285730963,-187.66327572755));
#4645=CARTESIAN_POINT('',(-2.64793642274132,171.731338012192,-187.66327572755));
#4646=CARTESIAN_POINT('Origin',(-5.6069942905978,170.387285730963,-187.66327572755));
#4647=CARTESIAN_POINT('Origin',(-5.61935440803546,170.414497695306,-185.163454386635));
#4648=CARTESIAN_POINT('',(-2.66029654017898,171.758549976535,-185.163454386635));
#4649=CARTESIAN_POINT('Origin',(6.392859046903,170.38793151756,-187.603950678621));
#4650=CARTESIAN_POINT('',(9.35191691475948,171.731983798789,-187.603950678621));
#4651=CARTESIAN_POINT('Origin',(6.392859046903,170.38793151756,-187.603950678621));
#4652=CARTESIAN_POINT('Origin',(6.38049892946533,170.415143481903,-185.104129337706));
#4653=CARTESIAN_POINT('',(9.33955679732182,171.759195763132,-185.104129337706));
#4654=CARTESIAN_POINT('Origin',(10.1930882098289,216.049407969061,-157.037334560337));
#4655=CARTESIAN_POINT('',(11.843067880576,216.049407969061,-157.029143948551));
#4656=CARTESIAN_POINT('Origin',(-9.80821974865645,216.016676888654,-157.124304032037));
#4657=CARTESIAN_POINT('',(-8.15824007790939,216.016676888654,-157.116113420251));
#4658=CARTESIAN_POINT('Origin',(-25.7238141592707,146.469381306106,-180.001845451399));
#4659=CARTESIAN_POINT('',(-24.842747991861,145.996483768866,-179.992341351313));
#4660=CARTESIAN_POINT('Origin',(0.355744396055508,132.471614203804,-179.72052408886));
#4661=CARTESIAN_POINT('',(25.5542367839721,145.999195943454,-179.743188007216));
#4662=CARTESIAN_POINT('Origin',(26.4353029513817,146.472188311973,-179.743980451914));
#4663=CARTESIAN_POINT('',(26.2407806106099,145.900506834972,-140.391147432823));
#4664=CARTESIAN_POINT('Origin',(26.4353029513817,146.472188311973,-179.743980451914));
#4665=CARTESIAN_POINT('',(26.2407806106099,145.900506834972,-140.391147432823));
#4666=CARTESIAN_POINT('Origin',(42.1607087365366,145.901363585127,-140.312442261313));
#4667=CARTESIAN_POINT('',(29.9998471554542,145.701025472653,-158.71646053266));
#4668=CARTESIAN_POINT('Origin',(27.3863302280556,151.36309276217,-189.793233131477));
#4669=CARTESIAN_POINT('',(26.4154543063061,151.124753652876,-158.793223544185));
#4670=CARTESIAN_POINT('Origin',(27.2330647718288,151.700521120019,-158.795448504154));
#4671=CARTESIAN_POINT('',(26.5687197625329,150.787325295026,-189.791008171508));
#4672=CARTESIAN_POINT('Origin',(27.3863302280556,151.36309276217,-189.793233131477));
#4673=CARTESIAN_POINT('',(26.4599507290816,151.026790581242,-167.792580371479));
#4674=CARTESIAN_POINT('Origin',(27.2775611946043,151.602558048385,-167.794805331448));
#4675=CARTESIAN_POINT('',(26.5687197625329,150.787325295026,-189.791008171508));
#4676=CARTESIAN_POINT('Origin',(0.405184865806136,132.362766346434,-189.719809452497));
#4677=CARTESIAN_POINT('',(0.251919409579541,164.698298944822,-159.070342225853));
#4678=CARTESIAN_POINT('Origin',(0.251919409579325,132.700194704283,-158.722024825173));
#4679=CARTESIAN_POINT('',(-25.9116154871475,151.121937608432,-159.051918870579));
#4680=CARTESIAN_POINT('Origin',(0.251919409579325,132.700194704283,-158.722024825173));
#4681=CARTESIAN_POINT('',(-25.7583500309206,150.784509250583,-190.049703497902));
#4682=CARTESIAN_POINT('Origin',(0.405184865806136,132.362766346434,-189.719809452497));
#4683=CARTESIAN_POINT('',(-25.8671190643719,151.023974536798,-168.051275697872));
#4684=CARTESIAN_POINT('',(0.296415832355098,164.600335873188,-168.069699053146));
#4685=CARTESIAN_POINT('Origin',(0.296415832354882,132.602231632649,-167.721381652467));
#4686=CARTESIAN_POINT('Origin',(0.296415832354882,132.602231632649,-167.721381652467));
#4687=CARTESIAN_POINT('',(-25.7583500309206,150.784509250583,-190.049703497902));
#4688=CARTESIAN_POINT('Origin',(-26.5759604964434,151.360188716337,-190.060012686821));
#4689=CARTESIAN_POINT('',(-26.7257628400007,150.697682499425,-159.051326085014));
#4690=CARTESIAN_POINT('Origin',(-26.7292259526702,151.697617074186,-159.062228059498));
#4691=CARTESIAN_POINT('',(-26.6812664172252,150.599719427792,-168.050682912308));
#4692=CARTESIAN_POINT('',(-26.7257628400007,150.697682499425,-159.051326085014));
#4693=CARTESIAN_POINT('Origin',(-26.6847295298946,151.599654002553,-168.061584886792));
#4694=CARTESIAN_POINT('Origin',(0.306910933516047,132.506559995236,-167.720288320786));
#4695=CARTESIAN_POINT('',(-4.76261856857154,164.600063615144,-168.094709980773));
#4696=CARTESIAN_POINT('Origin',(0.306910933516047,132.506559995236,-167.720288320786));
#4697=CARTESIAN_POINT('',(6.29634250110531,164.600658766487,-168.040036528682));
#4698=CARTESIAN_POINT('Origin',(0.262414510740525,132.604523066869,-158.720931493492));
#4699=CARTESIAN_POINT('',(-4.80711499134706,164.698026686777,-159.095353153479));
#4700=CARTESIAN_POINT('Origin',(0.262414510740525,132.604523066869,-158.720931493492));
#4701=CARTESIAN_POINT('',(-4.80711499134706,164.698026686777,-159.095353153479));
#4702=CARTESIAN_POINT('Origin',(-4.80711499134706,164.698026686777,-159.095353153481));
#4703=CARTESIAN_POINT('',(5.33194401282845,164.69857233248,-159.045227526557));
#4704=CARTESIAN_POINT('',(6.25184607832979,164.69862183812,-159.040679701388));
#4705=CARTESIAN_POINT('',(5.37644043560397,164.600609260846,-168.044584353851));
#4706=CARTESIAN_POINT('',(5.33194401282845,164.69857233248,-159.045227526557));
#4707=CARTESIAN_POINT('',(6.29634250110531,164.600658766487,-168.040036528682));
#4708=CARTESIAN_POINT('',(6.25184607832979,164.69862183812,-159.040679701388));
#4709=CARTESIAN_POINT('Origin',(0.262414510740525,132.604523066869,-158.720931493492));
#4710=CARTESIAN_POINT('Origin',(0.306910933516047,132.506559995236,-167.720288320786));
#4711=CARTESIAN_POINT('Origin',(0.262414510740525,132.604523066869,-158.720931493492));
#4712=CARTESIAN_POINT('Origin',(0.306910933516047,132.506559995236,-167.720288320786));
#4713=CARTESIAN_POINT('Origin',(0.262414510740525,132.604523066869,-158.720931493492));
#4714=CARTESIAN_POINT('Origin',(0.262414510740525,132.604523066869,-158.720931493492));
#4715=CARTESIAN_POINT('Origin',(0.262414510740525,132.604523066869,-158.720931493492));
#4716=CARTESIAN_POINT('Origin',(0.262414510740525,132.604523066869,-158.720931493492));
#4717=CARTESIAN_POINT('',(12.7622617373036,106.880272064585,-158.379104273001));
#4718=CARTESIAN_POINT('Origin',(9.04444387467256,99.3097634676064,-164.815541946386));
#4719=CARTESIAN_POINT('',(12.7943980426415,95.8101726246089,-164.758905652897));
#4720=CARTESIAN_POINT('',(12.8117022070543,99.2718685258381,-168.296752745877));
#4721=CARTESIAN_POINT('Origin',(12.7943980426416,99.3099652759178,-164.797002868596));
#4722=CARTESIAN_POINT('',(17.8116410976796,99.2721376035867,-168.27203397549));
#4723=CARTESIAN_POINT('',(9.06174803908526,99.2716667175266,-168.315291823667));
#4724=CARTESIAN_POINT('',(17.7943369332669,95.8104417023573,-164.73418688251));
#4725=CARTESIAN_POINT('Origin',(17.794336933267,99.3102343536665,-164.772284098209));
#4726=CARTESIAN_POINT('',(9.04444387467256,95.8099708162975,-164.777444730687));
#4727=CARTESIAN_POINT('Origin',(0.311854980490947,101.2710773465,-168.380319509387));
#4728=CARTESIAN_POINT('',(12.8117022070543,106.771424207214,-168.378389636661));
#4729=CARTESIAN_POINT('',(12.8117022070543,104.021587124043,-168.34845611004));
#4730=CARTESIAN_POINT('',(17.8116410976797,106.771693284963,-168.353670866274));
#4731=CARTESIAN_POINT('',(17.8116410976796,106.771693284963,-168.353670866274));
#4732=CARTESIAN_POINT('',(17.8116410976796,95.7723449522775,-168.233936759791));
#4733=CARTESIAN_POINT('Origin',(12.7622617373037,106.880272064585,-158.379104273001));
#4734=CARTESIAN_POINT('',(12.7622617373036,95.8809237318999,-158.259370166518));
#4735=CARTESIAN_POINT('',(12.7622617373037,106.880272064585,-158.379104273001));
#4736=CARTESIAN_POINT('',(12.7871660025843,102.373487550907,-163.367504875335));
#4737=CARTESIAN_POINT('Origin',(12.7873005431028,99.8734875545273,-163.367504875335));
#4738=CARTESIAN_POINT('Origin',(18.7621884060541,104.686383496591,-158.325556519994));
#4739=CARTESIAN_POINT('',(18.2098506391177,105.519920325448,-158.337361017238));
#4740=CARTESIAN_POINT('',(17.7622006279291,104.686329681041,-158.330500274071));
#4741=CARTESIAN_POINT('Origin',(0.262414510740525,132.604523066869,-158.720931493492));
#4742=CARTESIAN_POINT('Origin',(32.7870561056041,99.8745638655218,-163.268629793786));
#4743=CARTESIAN_POINT('',(17.7871048932097,102.373756628656,-163.342786104948));
#4744=CARTESIAN_POINT('',(32.7869215650856,102.374563861902,-163.268629793786));
#4745=CARTESIAN_POINT('Origin',(17.7872394337281,99.873756632276,-163.342786104948));
#4746=CARTESIAN_POINT('Origin',(17.7622006279291,106.880541142333,-158.354385502614));
#4747=CARTESIAN_POINT('',(17.7622006279291,106.880541142333,-158.354385502614));
#4748=CARTESIAN_POINT('',(17.762200627929,95.8811928096482,-158.234651396131));
#4749=CARTESIAN_POINT('Origin',(-17.2373716064483,106.878657598093,-158.527416895324));
#4750=CARTESIAN_POINT('Origin',(17.762200627929,95.8811928096485,-158.234651396131));
#4751=CARTESIAN_POINT('Origin',(-15.6881450195091,101.2710773465,-168.380319509387));
#4752=CARTESIAN_POINT('',(-33.1879311366978,99.2702540593463,-168.4450653682));
#4753=CARTESIAN_POINT('',(-28.1879922460724,99.270523137095,-168.420346597813));
#4754=CARTESIAN_POINT('',(-6.93825196091474,99.2716667175266,-168.315291823667));
#4755=CARTESIAN_POINT('',(-33.1879311366978,106.769809740723,-168.526702258984));
#4756=CARTESIAN_POINT('',(-33.1879311366978,95.7704614080374,-168.406968152501));
#4757=CARTESIAN_POINT('',(-28.1879922460723,106.770078818471,-168.501983488597));
#4758=CARTESIAN_POINT('',(1.81164109767965,106.771693284963,-168.353670866274));
#4759=CARTESIAN_POINT('',(-28.1879922460724,94.5771279631924,-168.36925634587));
#4760=CARTESIAN_POINT('Origin',(-33.2373716064483,106.878657598093,-158.527416895324));
#4761=CARTESIAN_POINT('',(-28.1929362930475,106.780963604208,-167.502054952231));
#4762=CARTESIAN_POINT('',(-28.2374327158229,106.878926675842,-158.502698124937));
#4763=CARTESIAN_POINT('',(-33.1928751836728,106.78069452646,-167.526773722618));
#4764=CARTESIAN_POINT('',(-33.2373716064484,106.878657598093,-158.527416895324));
#4765=CARTESIAN_POINT('',(-24.4429821250785,106.78116541252,-167.483515874441));
#4766=CARTESIAN_POINT('Origin',(16.7870561056041,99.8745638655218,-163.268629793786));
#4767=CARTESIAN_POINT('',(-33.2124673411677,102.371873084415,-163.515817497658));
#4768=CARTESIAN_POINT('Origin',(-33.2123328006493,99.8718730880356,-163.515817497658));
#4769=CARTESIAN_POINT('',(-28.2125284505425,102.372142162164,-163.491098727271));
#4770=CARTESIAN_POINT('',(16.7869215650856,102.374563861902,-163.268629793786));
#4771=CARTESIAN_POINT('Origin',(-28.212393910024,99.8721421657842,-163.491098727271));
#4772=CARTESIAN_POINT('Origin',(-33.2373716064483,95.8793092654081,-158.407682788841));
#4773=CARTESIAN_POINT('',(-33.2052353011105,95.8085581581172,-164.90721827522));
#4774=CARTESIAN_POINT('Origin',(-33.2052353011105,99.3083508094261,-164.945315490919));
#4775=CARTESIAN_POINT('',(-33.2373716064483,95.8793092654081,-158.407682788841));
#4776=CARTESIAN_POINT('',(-33.2373716064483,95.8793092654081,-158.407682788841));
#4777=CARTESIAN_POINT('',(-33.2373716064483,104.684446136801,-158.503531666781));
#4778=CARTESIAN_POINT('',(-33.2373716064483,95.8793092654081,-158.407682788841));
#4779=CARTESIAN_POINT('',(-33.1928751836728,104.586483065167,-167.502888494075));
#4780=CARTESIAN_POINT('',(-33.2373716064483,104.684446136801,-158.503531666781));
#4781=CARTESIAN_POINT('',(-33.1928751836728,114.143482208445,-167.606921816638));
#4782=CARTESIAN_POINT('Origin',(-34.2373593845734,104.684392321251,-158.508475420859));
#4783=CARTESIAN_POINT('',(-33.6405251948615,105.420025527922,-167.514175434474));
#4784=CARTESIAN_POINT('Origin',(-34.1928629617979,104.586429249618,-167.507832248152));
#4785=CARTESIAN_POINT('',(-33.685021617637,105.517988599556,-158.514818607181));
#4786=CARTESIAN_POINT('Origin',(-34.2373593845734,104.684392321251,-158.508475420859));
#4787=CARTESIAN_POINT('',(-33.685021617637,105.517988599556,-158.514818607181));
#4788=CARTESIAN_POINT('Origin',(-28.237432715823,87.9926991316269,-158.297110892726));
#4789=CARTESIAN_POINT('',(-28.2052964104851,95.8088272358658,-164.882499504833));
#4790=CARTESIAN_POINT('Origin',(-28.2052964104852,99.3086198871747,-164.920596720532));
#4791=CARTESIAN_POINT('',(-28.2374327158229,106.878926675842,-158.502698124937));
#4792=CARTESIAN_POINT('',(-28.2374327158229,106.878926675842,-158.502698124937));
#4793=CARTESIAN_POINT('',(-28.237432715823,95.8795783431567,-158.382964018454));
#4794=CARTESIAN_POINT('',(-28.2374327158229,110.298274752062,-158.539919656093));
#4795=CARTESIAN_POINT('',(-28.237432715823,95.8795783431567,-158.382964018454));
#4796=CARTESIAN_POINT('Origin',(1.762200627929,95.8811928096485,-158.234651396131));
#4797=CARTESIAN_POINT('',(-6.95555612532744,95.8099708162975,-164.777444730687));
#4798=CARTESIAN_POINT('',(-28.237432715823,95.8795783431567,-158.382964018454));
#4799=CARTESIAN_POINT('Origin',(-6.95555612532744,99.3097634676064,-164.815541946386));
#4800=CARTESIAN_POINT('Origin',(0.07820316363506,130.047525352933,-165.66808960131));
#4801=CARTESIAN_POINT('',(-44.3365304196398,130.380870427049,-159.838201882328));
#4802=CARTESIAN_POINT('',(-44.3019220908144,130.304676926889,-166.83770163689));
#4803=CARTESIAN_POINT('',(-44.3215680327189,130.347929320972,-162.864329615261));
#4804=CARTESIAN_POINT('',(-44.2490889051893,130.380343504474,-159.837763800627));
#4805=CARTESIAN_POINT('',(-44.2490889051893,130.380343504474,-159.837763800627));
#4806=CARTESIAN_POINT('',(-44.2144805763639,130.304150004315,-166.837263555189));
#4807=CARTESIAN_POINT('',(-44.2441448582143,130.369458718737,-160.837692336993));
#4808=CARTESIAN_POINT('',(-44.2144805763639,130.304150004315,-166.837263555189));
#4809=CARTESIAN_POINT('Origin',(-15.7375854892595,132.604523066869,-158.720931493492));
#4810=CARTESIAN_POINT('',(-43.9240482716378,127.762783037736,-159.807663048522));
#4811=CARTESIAN_POINT('Origin',(-15.7326414415736,132.593638281183,-159.720860029854));
#4812=CARTESIAN_POINT('',(-43.9289923186095,127.773667823474,-158.807734512158));
#4813=CARTESIAN_POINT('',(-43.9289923186095,127.773667823474,-158.807734512158));
#4814=CARTESIAN_POINT('Origin',(-15.7375854892595,132.604523066869,-158.720931493492));
#4815=CARTESIAN_POINT('',(-43.9219458549903,127.899634381844,-167.809714107284));
#4816=CARTESIAN_POINT('Origin',(-15.693089066484,132.506559995236,-167.720288320786));
#4817=CARTESIAN_POINT('',(-43.9268899019683,127.910519167581,-166.809785570917));
#4818=CARTESIAN_POINT('',(-43.9664422777659,127.997597453478,-158.81035727999));
#4819=CARTESIAN_POINT('Origin',(-15.6980331127482,132.517444781024,-166.720359784416));
#4820=CARTESIAN_POINT('Origin',(-15.7375854892595,132.604523066869,-158.720931493492));
#4821=CARTESIAN_POINT('',(-47.8734511899465,127.797437132995,-158.827496238195));
#4822=CARTESIAN_POINT('',(-29.6181665199535,127.687430785897,-158.736037321739));
#4823=CARTESIAN_POINT('Origin',(-15.7375854892595,132.604523066869,-158.720931493492));
#4824=CARTESIAN_POINT('Origin',(-43.4683422549596,127.770891946148,-158.805426656846));
#4825=CARTESIAN_POINT('',(-47.8685071429714,127.786552347258,-159.82742477456));
#4826=CARTESIAN_POINT('',(-44.8501388846663,127.768363659856,-159.812302759463));
#4827=CARTESIAN_POINT('',(-47.8734511899465,127.797437132995,-158.827496238195));
#4828=CARTESIAN_POINT('Origin',(-46.2260274402263,129.561495159584,-159.838624950367));
#4829=CARTESIAN_POINT('',(-47.9293858079444,128.21294039795,-159.832367257319));
#4830=CARTESIAN_POINT('',(-48.0364168112955,130.403165942785,-159.856738301042));
#4831=CARTESIAN_POINT('',(-48.0137419981951,129.939160623404,-159.851575228247));
#4832=CARTESIAN_POINT('Origin',(-15.7326414415736,132.593638281183,-159.720860029854));
#4833=CARTESIAN_POINT('Origin',(-46.1864736154677,130.392018184917,-159.847470091685));
#4834=CARTESIAN_POINT('',(-47.2022163320322,129.91943489801,-159.847347994844));
#4835=CARTESIAN_POINT('Origin',(-46.2006890536808,130.374344900888,-159.847347994844));
#4836=CARTESIAN_POINT('Origin',(-46.1660807248554,130.298151400729,-166.846847749406));
#4837=CARTESIAN_POINT('',(-47.1676080032068,129.843241397851,-166.846847749406));
#4838=CARTESIAN_POINT('Origin',(-46.1660807248554,130.298151400729,-166.846847749406));
#4839=CARTESIAN_POINT('',(-47.1676080032068,129.843241397851,-166.846847749406));
#4840=CARTESIAN_POINT('Origin',(-15.693089066484,132.506559995236,-167.720288320786));
#4841=CARTESIAN_POINT('',(-47.8616419413909,127.923374990823,-167.829451971784));
#4842=CARTESIAN_POINT('Origin',(-15.693089066484,132.506559995236,-167.720288320786));
#4843=CARTESIAN_POINT('',(-31.9245991033577,127.827338369217,-167.74960743932));
#4844=CARTESIAN_POINT('Origin',(-48.1270640011372,127.924974424179,-167.830781735435));
#4845=CARTESIAN_POINT('',(-47.8665859883677,127.93425977656,-166.829523435417));
#4846=CARTESIAN_POINT('',(-47.9061383641664,128.021338062456,-158.83009514449));
#4847=CARTESIAN_POINT('',(-47.1664595620207,127.93004081465,-166.826015804312));
#4848=CARTESIAN_POINT('Origin',(-46.1815295684926,130.38113339918,-160.847398628051));
#4849=CARTESIAN_POINT('',(-48.0018084824702,130.326972442625,-166.856238055604));
#4850=CARTESIAN_POINT('Origin',(-46.1518652866423,130.315824684757,-166.846969846247));
#4851=CARTESIAN_POINT('',(-48.0314727643205,130.392281157047,-160.856666837408));
#4852=CARTESIAN_POINT('Origin',(-46.1914191114009,129.485301659425,-166.838124704928));
#4853=CARTESIAN_POINT('',(-47.894777479119,128.13674689779,-166.831867011881));
#4854=CARTESIAN_POINT('',(-47.9791336693697,129.862967123245,-166.851074982809));
#4855=CARTESIAN_POINT('Origin',(-15.6980331127482,132.517444781024,-166.720359784416));
#4856=CARTESIAN_POINT('Origin',(-15.7375854892595,132.604523066869,-158.720931493492));
#4857=CARTESIAN_POINT('',(-47.9343298549203,128.223825183704,-158.832438720955));
#4858=CARTESIAN_POINT('Origin',(-48.0364168113051,130.403165942782,-159.856738301042));
#4859=UNCERTAINTY_MEASURE_WITH_UNIT(LENGTH_MEASURE(0.01),#4863,
'DISTANCE_ACCURACY_VALUE',
'Maximum model space distance between geometric entities at asserted c
onnectivities');
#4860=UNCERTAINTY_MEASURE_WITH_UNIT(LENGTH_MEASURE(0.01),#4863,
'DISTANCE_ACCURACY_VALUE',
'Maximum model space distance between geometric entities at asserted c
onnectivities');
#4861=(
GEOMETRIC_REPRESENTATION_CONTEXT(3)
GLOBAL_UNCERTAINTY_ASSIGNED_CONTEXT((#4859))
GLOBAL_UNIT_ASSIGNED_CONTEXT((#4863,#4865,#4866))
REPRESENTATION_CONTEXT('','3D')
);
#4862=(
GEOMETRIC_REPRESENTATION_CONTEXT(3)
GLOBAL_UNCERTAINTY_ASSIGNED_CONTEXT((#4860))
GLOBAL_UNIT_ASSIGNED_CONTEXT((#4863,#4865,#4866))
REPRESENTATION_CONTEXT('','3D')
);
#4863=(
LENGTH_UNIT()
NAMED_UNIT(*)
SI_UNIT(.MILLI.,.METRE.)
);
#4864=(
LENGTH_UNIT()
NAMED_UNIT(*)
SI_UNIT($,.METRE.)
);
#4865=(
NAMED_UNIT(*)
PLANE_ANGLE_UNIT()
SI_UNIT($,.RADIAN.)
);
#4866=(
NAMED_UNIT(*)
SI_UNIT($,.STERADIAN.)
SOLID_ANGLE_UNIT()
);
#4867=SHAPE_DEFINITION_REPRESENTATION(#4868,#4869);
#4868=PRODUCT_DEFINITION_SHAPE('',$,#4871);
#4869=SHAPE_REPRESENTATION('',(#2653),#4861);
#4870=PRODUCT_DEFINITION_CONTEXT('part definition',#4875,'design');
#4871=PRODUCT_DEFINITION('\X2\672B7AEF76F8673A56FA5B9A7ED367844EF6\X0\-
435i\X2\5C454E2D\X0\',
'[piper]end-effector-camera-mount-d435i-d405_hinge',#4872,#4870);
#4872=PRODUCT_DEFINITION_FORMATION('',$,#4877);
#4873=PRODUCT_RELATED_PRODUCT_CATEGORY(
'[piper]end-effector-camera-mount-d435i-d405_hinge',
'[piper]end-effector-camera-mount-d435i-d405_hinge',(#4877));
#4874=APPLICATION_PROTOCOL_DEFINITION('international standard',
'automotive_design',2009,#4875);
#4875=APPLICATION_CONTEXT(
'Core Data for Automotive Mechanical Design Process');
#4876=PRODUCT_CONTEXT('part definition',#4875,'mechanical');
#4877=PRODUCT('\X2\672B7AEF76F8673A56FA5B9A7ED367844EF6\X0\-435i\X2\5C454E2D\X0\',
'[piper]end-effector-camera-mount-d435i-d405_hinge','STEP AP203',(#4876));
#4878=PRESENTATION_STYLE_ASSIGNMENT((#4879));
#4879=SURFACE_STYLE_USAGE(.BOTH.,#4880);
#4880=SURFACE_SIDE_STYLE('',(#4881));
#4881=SURFACE_STYLE_FILL_AREA(#4882);
#4882=FILL_AREA_STYLE('\X2\AC15CCA0\X0\ - \X2\C0C8D2F4\X0\',(#4883));
#4883=FILL_AREA_STYLE_COLOUR('\X2\AC15CCA0\X0\ - \X2\C0C8D2F4\X0\',#4884);
#4884=COLOUR_RGB('\X2\AC15CCA0\X0\ - \X2\C0C8D2F4\X0\',0.627450980392157,
0.627450980392157,0.627450980392157);
ENDSEC;
END-ISO-10303-21;
